seed1,team1,seed2,team2,score1,score2,winner,region,year,team1_win,std_MOV_game,std_seed_diff,std_PPG_diff,std_PPG_Allowed_diff,std_Pace_diff,std_MOV_diff,std_SOS_diff,std_OSRS_diff,std_DSRS_diff,std_Adj_ORtg_diff,std_Adj_DRtg_diff
1,South Carolina,16,Presbyterian,91,39,South Carolina,region1,2024,1,2.6894610429022694,2.070987270416887,2.4356894596789838,-0.31895205604410076,1.2748502986409822,2.447306675282422,2.0435347745772763,2.758958070572862,2.0101097836000252,2.5719753528690434,-2.9049050291975056
8,UNC,9,Michigan State,59,56,UNC,region1,2024,1,-1.0676057683201514,-1.1826835035547805,-1.8049693160057179,-0.6438583838973454,-0.9358727625861546,-1.261970616353524,-0.13374343959811447,-1.3435243243736767,0.17856172041912516,-1.3143528130892401,0.04753517107220618
5,Oklahoma,12,Florida Gulf Coast,73,70,Oklahoma,region1,2024,1,-1.0676057683201514,0.21174682814736254,-0.16022782824015686,2.1030769334073556,1.783316602723227,-1.4431107834788133,1.1772233724581949,0.4915273132199945,-0.887318522960944,-0.4016030058235739,-0.22060159222706452
4,Indiana,13,Fairfield,89,56,Indiana,region1,2024,1,1.2326392181425552,0.6765569387147435,0.3748085593462312,1.3794219304614943,0.12527430680287194,-0.5037306202964091,1.754125434488822,0.7262249046375546,0.674290638346187,0.9450770376831475,-0.5905128934209497
6,Nebraska,11,Texas A&M,61,59,Nebraska,region1,2024,1,-1.1442806012022417,-0.25306328242001846,0.07756612179823816,0.8329885608901286,-0.2505486136057425,-0.4391027214728136,-0.3004892183245747,-0.09600424113403067,-0.897409696862767,-0.12342515845274096,0.8558598662736594
3,Oregon State,14,Eastern Washington,73,51,Oregon State,region1,2024,1,0.38921605643956275,1.1413670492821246,-0.06114701572415777,0.5671561108283827,-0.33897753605482617,-0.39996188134021327,1.3315111332338276,0.47183791796684366,0.5859928667052343,0.715869373712559,-0.3810922096762634
7,Ole Miss,10,Marquette,67,55,Ole Miss,region1,2024,1,-0.3775322723813395,-0.7178733929873995,-0.42774602203334944,0.005954271809142906,-0.09579799931984205,-0.3981413771479995,-0.27173994613035746,-0.564611848159024,-0.05227388258507906,-0.5396717173548176,0.17181753946274528
2,Notre Dame,15,Kent State,81,67,Notre Dame,region1,2024,1,-0.22418260661715905,1.6061771598495056,0.3549923968430314,-0.23034123935685208,0.677955072109657,0.46841861834584636,0.8830224870040376,0.6640064156375973,1.2229982192578202,0.37511851421919135,-1.7178616208689799
1,South Carolina,8,UNC,88,41,South Carolina,region1,2024,1,2.3060868784918185,0.21174682814736254,1.4250651720158076,-0.8506169561675916,0.6779550721096539,1.8438095355634943,-0.5266501595857508,0.8908282489538968,0.38921497561968355,0.7593984256238874,-0.6541219796050832
5,Oklahoma,4,Indiana,68,75,Indiana,region1,2024,0,-0.7609064367917906,-1.1826835035547805,-0.6159995658137456,0.714840805307129,1.1643141455796253,-1.0134717941163183,-0.45094374280764543,-0.440962445969236,-1.3376371583298017,-1.169482687196851,0.4986703823166004
6,Nebraska,3,Oregon State,51,61,Oregon State,region1,2024,0,-0.53088193814552,-0.7178733929873995,-0.17013590949175605,0.6705353969635073,0.47898999659921315,-0.5765507879849676,-0.7949767000651125,-0.5535857868172595,-1.0071512130450937,-0.7654786741448338,0.8666244808586665
7,Ole Miss,2,Notre Dame,56,71,Notre Dame,region1,2024,0,-0.14750777373506882,-0.25306328242001846,-1.3194733346773286,-0.23034123935685313,-1.0464089156475147,-1.0699074240749513,-0.8361839902101572,-1.36872675029771,-0.4395226810675421,-1.0416160972073232,1.1044246030547362
1,South Carolina,4,Indiana,79,75,South Carolina,region1,2024,1,-0.9909309354380613,-0.7178733929873995,0.26581966557863435,-1.1312178756772124,0.45688276598693983,0.9463009688020111,-0.4011116710043353,0.22060123453663716,0.3854307854064997,-0.09213865239147415,-0.7803615506474415
3,Oregon State,2,Notre Dame,70,65,Oregon State,region1,2024,1,-0.9142561025559711,-1.1826835035547805,-1.0816793846389336,-0.17126736156535438,-1.6211969115665699,-0.8833057443730202,-0.39823674378491347,-0.9166582352853636,-0.3272583714097596,-0.4152058345458642,1.0789809685810823
1,South Carolina,3,Oregon State,70,58,South Carolina,region1,2024,1,-0.3775322723813395,-0.95027844827109,1.1179146532162139,-0.4518682810749732,1.2748502986409822,1.3067607988603753,-0.6291892304117926,0.575010349093355,0.014580144514499379,0.22208669109342766,-0.4593803157490437
1,Iowa,16,Holy Cross,91,65,Iowa,region2,2024,1,0.6959153879679236,2.070987270416887,2.4654137034337826,2.2359931584382298,2.1591395231318415,0.8807628178823087,1.9448289400437966,2.5589138148008472,-0.23139221934243978,2.1013174790778057,-0.9144299322970767
8,West Virginia,9,Princeton,63,53,West Virginia,region2,2024,1,-0.53088193814552,-1.1826835035547805,0.12710652805623698,0.25701825242301285,1.4738153741514262,-0.04405331176238395,0.1307498645886848,0.09143880167596662,-0.0825474042905485,-0.3941214500263144,-0.39772843221672927
5,Colorado,12,Drake,86,72,Colorado,region2,2024,1,-0.22418260661715905,0.21174682814736254,-0.9132420033617387,-0.8210800172718428,-1.0464089156475116,-0.3326032262282968,0.9318962497342073,-0.2054772787415501,1.047664072713643,0.07585628232880957,-0.7363244909815032
4,Kansas State,13,Portland,78,65,Kansas State,region2,2024,1,-0.30085743949924926,0.6765569387147435,0.05774995929503833,-0.6438583838973454,-0.427406458503913,0.44384181175095777,0.4287839863354042,0.24422850884041827,1.0123449640572624,0.5444737318117029,-0.7069664512042096
6,Louisville,11,Middle Tennessee,69,71,Middle Tennessee,region2,2024,0,-1.1442806012022417,-0.25306328242001846,-0.12059550323375723,1.1726633581912471,1.0095635312937248,-0.8314213748949222,0.712443471985015,0.22611426520751945,-0.6236866047758143,-0.1458698258445205,0.2217262070841416
3,LSU,14,Rice,70,60,LSU,region2,2024,1,-0.53088193814552,1.1413670492821246,1.5340540657834045,0.06502814960064165,1.3632792210900722,1.3722989497800777,0.14033295532009063,1.3428967639662432,-0.11155952925829009,0.8865848741772993,-0.5464758337550107
7,Creighton,10,UNLV,87,73,Creighton,region2,2024,1,-0.22418260661715905,-0.7178733929873995,-0.8736096783553391,0.5671561108283827,-0.6705859952388972,-1.160022381589542,0.6415286005726122,-0.3874072908806652,-0.1910275237351472,-0.2778172644507334,0.4526761199988423
2,UCLA,15,California Baptist,84,55,UCLA,region2,2024,1,0.9259398866141942,1.6061771598495056,-0.6159995658137456,-1.485661142426205,-1.6211969115665699,0.3473550895636178,1.659252836247905,0.13948092609365503,2.3960971853447606,0.8831841669967269,-1.6053224683893597
1,Iowa,8,West Virginia,64,54,Iowa,region2,2024,1,-0.53088193814552,0.21174682814736254,1.3953409282610072,2.1030769334073574,0.677955072109657,-0.010373984206425414,0.01000292137297206,1.0444055319284742,-1.7211017665990809,0.7335530510515355,1.1690122905647793
5,Colorado,4,Kansas State,63,50,Colorado,region2,2024,1,-0.30085743949924926,-1.1826835035547805,0.028025715540239308,0.965904785921001,-0.07369076870757191,-0.561076502351149,-0.2803647277886225,-0.002282719729031956,-1.1887923432779104,-0.0873776623386721,1.0652805500183442
11,Middle Tennessee,3,LSU,56,83,LSU,region2,2024,0,0.7725902208500138,0.44415188343105305,-1.755428909747719,-1.1312178756772115,-2.6823439809555962,-0.9188055761211924,-1.606664485015181,-2.068094069689633,-0.1229120998978411,-1.2000890518220029,1.3422247252508044
7,Creighton,2,UCLA,63,67,UCLA,region2,2024,0,-0.9909309354380613,-0.25306328242001846,-0.7051722970781427,0.2717867218708878,-0.9358727625861546,-0.8150368371649965,-1.0987606762506754,-0.8229367138803648,-1.3048408431488763,-0.6369319427191923,1.7395368635701627
1,Iowa,5,Colorado,89,68,Iowa,region2,2024,1,0.3125412235574725,-0.485468337703709,1.2467197094870106,1.1431264192954993,1.009563531293728,0.43655979498210207,-0.5649825225113742,0.7128361158654115,-1.3275459844279784,0.3431518667218087,0.841180846385014
3,LSU,2,UCLA,78,69,LSU,region2,2024,1,-0.6075567710276102,-1.1826835035547805,0.5333378593718284,0.34562906911026153,1.2748502986409853,0.2772656781633803,-1.2012997470767168,0.04260910144815245,-1.3124092235752438,-0.512466059910238,0.85292406229593
1,Iowa,3,LSU,94,87,Iowa,region2,2024,1,-0.7609064367917906,-0.95027844827109,0.18655501556583504,1.2908111137742468,-0.4052992278916429,-0.6238838969825304,0.030127411908924085,0.0859257710050841,-1.0096740065205494,0.1588335375347782,0.9791636333382883
1,USC,16,Texas A&M-Corpus Christi,87,55,USC,region3,2024,1,1.1559643852604649,2.070987270416887,0.48379745311382955,0.7000723358592561,-0.5158353809529967,0.014202822388462863,1.7474172709768379,1.1294637194220865,1.0451412792381873,1.423216467271644,-1.0318620914062469
8,Kansas,9,Michigan,81,72,Kansas,region3,2024,1,-0.6075567710276102,-1.1826835035547805,-0.4971025907945481,0.020722741257017858,-0.2505486136057425,-0.4727820490287718,-0.29761429110515303,-0.32125092283007795,-0.5795377189553381,-0.2934605174813673,0.6082737308184927
5,Baylor,12,Vanderbilt,80,63,Baylor,region3,2024,1,0.0058418920291116155,0.21174682814736254,0.30545199058503253,-0.259878178252602,0.5895261496605733,0.4429315596548508,-0.24778221930184305,0.22926456844802356,-0.1266962901110247,-0.025484791652252346,-0.2920394890184752
4,Virginia Tech,13,Marshall,92,49,Virginia Tech,region3,2024,1,1.9993875469634574,0.6765569387147435,-1.3194733346773286,-1.47089267297833,-2.7265584421801368,-0.3062059154411943,0.7699420163734496,-0.5858763950324273,1.878924522876324,0.4247688390555496,-0.5993203053541378
6,Syracuse,11,Arizona,74,69,Syracuse,region3,2024,1,-0.9142561025559711,-0.25306328242001846,0.08747420304983736,0.0059542718091439555,0.19159599863968552,0.08065122540427248,-1.1505093662002666,-0.4228482023363371,-0.7712700230899777,-0.34719169093441365,1.0691949553219853
3,UConn,14,Jackson State,86,64,UConn,region3,2024,1,0.38921605643956275,1.1413670492821246,0.503613615617028,-0.023582667086605946,-0.20633415238119904,0.4747903830185951,1.4369251312792912,1.1271009919917083,1.0930743552718472,1.1885676718121394,-1.3322926984605392
7,Duke,10,Richmond,72,61,Duke,region3,2024,1,-0.4542071052634297,-0.7178733929873995,-0.8042531095941404,-0.43709981162709927,0.03684538435378509,-0.4673205364521299,0.8811058688577565,-0.4504133556907484,1.1876791106014393,-0.5485135560243067,-1.1913741075295354
2,Ohio State,15,Maine,80,57,Ohio State,region3,2024,1,0.46589088932165296,1.6061771598495056,1.1872712219774126,1.0545156026082496,1.8054238333355002,0.4447520638470647,1.3957178411342464,1.1562412969663718,0.5191388396056561,0.8240118620547646,-1.2275823565881967
1,USC,8,Kansas,73,55,USC,region3,2024,1,0.08251672491120184,0.21174682814736254,0.3450843155914322,-0.24510970880472704,0.19159599863968552,0.4720596267302742,-0.46531837890475397,0.10482759044810934,-0.17462936614468472,-0.06833370212746588,-0.13252747289518796
5,Baylor,4,Virginia Tech,75,72,Baylor,region3,2024,1,-1.0676057683201514,-1.1826835035547805,-0.3583894532721522,-0.17126736156535438,0.9653490700691846,-0.224283226791566,-0.5477329591948437,-0.3992209280325558,-0.4395226810675421,-0.9763225193403311,-0.22158019355297337
6,Syracuse,3,UConn,64,72,UConn,region3,2024,0,-0.6842316039097004,-0.7178733929873995,-0.8835177596069397,1.2760426443263708,-0.07369076870757191,-1.591481875144251,-1.0978023671775348,-1.1671073429054442,-1.6479407558108632,-1.2755847512307128,1.9352571287521125
7,Duke,2,Ohio State,75,63,Duke,region3,2024,1,-0.3775322723813395,-0.25306328242001846,-1.4185541471933263,-0.8801538950633415,-1.201159529933415,-0.7604217113985777,-0.544858031975422,-1.1907346172092252,0.12432166069682593,-1.0586196331101858,0.2608702601205321
1,USC,5,Baylor,74,70,USC,region3,2024,1,-0.9909309354380613,-0.485468337703709,-0.308849047014152,0.3308605996623876,-0.9137655319738844,-0.48370507418205566,-0.21615801988820385,-0.3377900148427247,-0.4622278223466441,-0.1111826126026794,0.764849942964052
3,UConn,7,Duke,53,45,UConn,region3,2024,1,-0.6842316039097004,-0.485468337703709,0.8206722156682208,-0.0826565448781047,0.3684538435378592,0.7988401292326802,-0.6521886481671664,0.4836515551187343,-0.7536104687617874,0.37035752416638934,0.42038227624382074
1,USC,3,UConn,73,80,UConn,region3,2024,0,-0.7609064367917906,-0.95027844827109,-0.7943450283425412,0.8034516219943787,-0.3610847666670995,-1.219188767836496,-0.4806513240750032,-0.805610046057592,-0.899932490338223,-0.8294119691395971,1.0731093606256235
1,Texas,16,Drexel,82,42,Texas,region4,2024,1,1.7693630483171867,2.070987270416887,1.9501934783505936,0.28655519131876384,1.584351527212783,1.6144260073445351,1.0516848838767794,1.9446046829025374,0.5468895678356698,1.605494372150331,-1.5877076445229836
8,Alabama,9,Florida State,82,74,Alabama,region4,2024,1,-0.6842316039097004,-1.1826835035547805,-0.8537935158521406,-1.3527449173953325,-1.2895884523824988,0.046971897848314195,-0.7786854458217225,-1.0103797566903623,0.6112208014597923,-0.4526136135321618,0.296099907853283
5,Utah,12,South Dakota State,68,54,Utah,region4,2024,1,-0.22418260661715905,0.21174682814736254,0.05774995929503974,0.2865551913187628,-0.007369076870755192,-0.127796504604226,0.8446901240784146,0.5285433762959185,-0.14057165422603168,0.523389347292153,0.07885041350131887
4,Gonzaga,13,UC-Irvine,75,56,Gonzaga,region4,2024,1,0.15919155779329205,0.6765569387147435,1.365616684506208,0.7000723358592551,0.08105984557832852,0.818865675347034,0.4719078946267301,1.2105840278650684,-0.23139221934243978,1.3953306683909494,0.10722985195270081
6,Tennessee,11,Green Bay,92,63,Tennessee,region4,2024,1,0.9259398866141942,-0.25306328242001846,-0.08096317822735899,1.733865197210488,1.4959226047636962,-1.1399968354751886,1.2078892627986928,0.45766155338457515,-0.6804494579735696,-0.24585061695335175,-0.11197684505108245
3,NC State,14,Chattanooga,64,45,NC State,region4,2024,1,0.15919155779329205,1.1413670492821246,0.5927863468814264,0.9363678470252522,1.562244296600513,-0.0376815470896349,1.6180455461028598,1.2074337246245646,0.2983944105032751,0.5478744389922753,-1.3322926984605392
7,Iowa State,10,Maryland,93,86,Iowa State,region4,2024,1,-0.7609064367917906,-0.7178733929873995,-0.5664591595557468,-0.5995529755537217,-1.0464089156475147,-0.16056558006407734,-0.7135204288481634,-0.6394315501209975,-0.18345914330877988,-0.32542716497874996,0.7002622554540089
2,Stanford,15,Norfolk State,79,50,Stanford,region4,2024,1,0.9259398866141942,1.6061771598495056,0.7215914031522231,1.0397471331603747,-0.1400124605443855,0.017843830772890708,2.0655758832595095,1.3594358559788902,0.6856432089857379,1.4878299037025222,-0.971188809199842
1,Texas,8,Alabama,65,54,Texas,region4,2024,1,-0.4542071052634297,0.21174682814736254,0.3748085593462312,-0.6438583838973454,-0.09579799931984205,0.7387634908896197,-0.28419796408118486,0.26076760085306516,0.1848687041077646,0.2465717827935498,-0.32139752879576877
5,Utah,4,Gonzaga,66,77,Gonzaga,region4,2024,0,-0.4542071052634297,-1.1826835035547805,-0.576367240807346,0.27178672187088887,0.1694887680274154,-0.6967040646710891,0.2534134259506787,-0.45907668960213466,-0.21373266501424945,-0.6852219846833227,0.11408006123406977
6,Tennessee,3,NC State,72,79,NC State,region4,2024,0,-0.7609064367917906,-0.7178733929873995,-0.03142277196936015,1.3498849915657445,0.39056107415012625,-0.8641904503547736,-0.5659408315845146,-0.3401527422731029,-1.4448558810366725,-0.441731350554329,1.443999263145419
7,Iowa State,2,Stanford,81,87,Stanford,region4,2024,0,-0.8375812696738808,-0.25306328242001846,-0.5268268345493471,1.3646534610136185,0.6116333802728403,-1.3284190193693335,-0.5659408315845146,-0.8032473186272139,-1.3464669354938967,-1.062700481726873,1.3539679411617218
1,Texas,4,Gonzaga,69,47,Texas,region4,2024,1,0.38921605643956275,-0.7178733929873995,-0.3088490470141534,-0.36325746438772455,0.5674189190483,-0.05588658901177461,0.1182918466378574,-0.21729091589344057,0.380385198455588,-0.5117859184741241,-0.6776084114269174
3,NC State,2,Stanford,77,67,NC State,region4,2024,1,-0.53088193814552,-1.1826835035547805,-0.7249884595813425,0.12410202739214145,0.5232044578237566,-0.739485913188117,-0.4701099242704569,-0.8103355009183482,-0.3928510017716099,-1.1517990098578734,0.2696776720537202
1,Texas,3,NC State,66,76,NC State,region4,2024,0,-0.53088193814552,-0.95027844827109,0.34508431559143077,-0.42233134217922436,-0.1842269217689289,0.577648869878684,-0.9415979882556205,-0.08261545236188807,-0.35374770290204544,0.029606664673022743,0.43995430276201597
1,South Carolina,3,NC State,78,59,South Carolina,final four,2024,1,0.15919155779329205,-0.95027844827109,0.8702126219262197,-0.5847845061058466,0.39056107415012625,1.1665819760599003,-0.7192702832870067,0.3600021529289461,0.047376459695424554,0.30234338055493976,-0.13546327687291662
1,Iowa,3,UConn,71,69,Iowa,final four,2024,1,-1.1442806012022417,-0.95027844827109,0.8008560531650211,2.191687750094605,1.0316707619059982,-0.6120506197331398,-0.46436006983161354,0.3710282142707104,-1.920402451160088,-0.06561313638300839,1.5007581400481842
1,South Carolina,1,Iowa,87,75,South Carolina,championship,2024,1,-0.3775322723813395,-1.415088558838471,-0.8736096783553391,-2.2388530842678183,-0.7148004564634437,0.5849308866475397,-0.7432280101155211,-0.9371352063486402,1.2873294528819428,-0.7178687736168182,-0.8292916169429289
1,South Carolina,16,Norfolk State,72,40,South Carolina,region1,2023,1,1.1559643852604649,2.070987270416887,1.5043298220286054,0.5376191719326338,-0.38319199727937275,1.0573517245270627,2.059826028820666,1.8430074033962782,1.345353702817426,1.660585828475607,-1.9341325138950345
8,South Florida,9,Marquette,67,65,South Florida,region1,2023,1,-1.1442806012022417,-1.1826835035547805,-0.8537935158521393,0.12410202739214145,-0.29476307483028275,-0.8641904503547736,-1.1591341478585315,-1.2222376496142668,-0.8128961154349982,-1.0198515712516585,1.4195342299976752
5,Oklahoma,12,Portland,85,63,Oklahoma,region1,2023,1,0.38921605643956275,0.21174682814736254,0.533337859371827,1.0102101942646249,1.9601744476213976,-0.13689902556529587,0.5658221837945067,0.7569403612324699,-0.4319543006411748,0.538352458886672,0.0034981114062672017
4,UCLA,13,Sacramento State,67,45,UCLA,region1,2023,1,0.38921605643956275,0.6765569387147435,1.7223076095637992,-0.8358484867197177,0.9874563006814578,2.091398105704593,1.3401359148920928,1.762674670763422,1.7918881479730997,1.8707495322349883,-2.327530246910754
6,Creighton,11,Mississippi State,66,81,Mississippi State,region1,2023,0,-0.14750777373506882,-0.25306328242001846,-0.5367349158009463,-0.42233134217922436,-1.090623376872055,-0.23975751242538468,-0.36757085344441515,-0.47876608485528566,-0.09768416514328324,-0.2873392445563365,0.3499229807783189
3,Notre Dame,14,Southern Utah,82,56,Notre Dame,region1,2023,1,0.6959153879679236,1.1413670492821246,0.9593853531906168,-1.8253359397273237,-0.02947630748302848,2.004013904478323,1.1896813904090222,1.3271452477637222,2.2674347180965153,1.0287344343252312,-3.0438664174766896
7,Arizona,10,West Virginia,75,62,Arizona,region1,2023,1,-0.30085743949924926,-0.7178733929873995,-0.6952642158265435,1.2022002970869972,-0.1400124605443855,-1.3766623804630036,-0.0647451863319927,-0.5378342706147385,-1.1799625661138151,-0.6403326498997646,1.0828953738847205
2,Maryland,15,Holy Cross,93,61,Maryland,region1,2023,1,1.1559643852604649,1.6061771598495056,1.1674550594742135,2.442751730708475,1.9159599863968542,-0.4354617130883856,1.9467455581900777,1.4413437402319982,-0.2641885345233651,0.9845252409777888,-0.6756512087750983
1,South Carolina,8,South Florida,76,45,South Carolina,region1,2023,1,1.0792895523783748,0.21174682814736254,1.7817560970733988,-0.510942158866473,0.2358104598642258,1.9594115517690807,0.6961522177416253,1.6847046655609443,0.8874666870222009,1.3286768076517277,-1.7325406407576274
5,Oklahoma,4,UCLA,73,82,UCLA,region1,2023,0,-0.6075567710276102,-1.1826835035547805,-0.3980217782785504,1.202200297086996,2.026496139458211,-1.1090482642075512,-0.7806020639680038,-0.5362591189944865,-1.7526366850422783,-1.1266337767216363,1.184669911779335
11,Mississippi State,3,Notre Dame,48,53,Notre Dame,region1,2023,0,-0.9142561025559711,0.44415188343105305,-0.6159995658137456,0.71484080530713,-0.22844138299347233,-1.0025487689630348,-1.0278458048382726,-0.8111230767284744,-1.4902661635948764,-0.4934220996990327,2.1035765568085893
7,Arizona,2,Maryland,64,77,Maryland,region1,2023,0,-0.30085743949924926,-0.25306328242001846,-1.111403628393734,-1.0869124673335877,-0.8253366095247976,-0.3562697807270782,-0.668479902410556,-0.9316221756777582,0.07134299771225434,-0.7681992398892923,0.2236834097359607
1,South Carolina,4,UCLA,59,43,South Carolina,region1,2023,1,-0.0708329408529786,-0.7178733929873995,0.48379745311382955,-0.6438583838973454,-0.05158353809530176,0.8507244987107782,-0.7307699921646936,0.12530456151138664,-0.029568741305976812,-0.04928974191625965,-0.09436202118470699
3,Notre Dame,2,Maryland,59,76,Maryland,region1,2023,0,0.0058418920291116155,-1.1826835035547805,-0.24940055950455534,-1.7810305313836998,-0.9358727625861546,0.8652885322484899,-0.9013490071837162,-0.4118221409945725,0.627618959050255,-0.43016894614038326,-0.5905128934209497
1,South Carolina,2,Maryland,86,75,South Carolina,region1,2023,1,-0.4542071052634297,-1.1826835035547805,0.4243489656042301,-2.4456116565380634,-1.4001246054438559,1.901155417618234,-0.7451446282618022,0.18043486822020932,1.3201257680628682,0.39892346448319865,-1.0680703404649072
1,Indiana,16,Tennessee Tech,77,47,Indiana,region2,2023,1,1.0026147194962844,2.070987270416887,0.6324186718878246,-0.34848899493985064,0.6779550721096539,0.7951991208482524,1.4589662399615242,0.9829746187386432,1.7565690393167186,1.3518016164796212,-1.6082582723670877
8,Oklahoma State,9,Miami (FL),61,62,Miami (FL),region2,2023,0,-1.220955434084332,-1.1826835035547805,-0.08096317822735759,0.9068309081295033,0.10316707619059866,-0.648460703577419,-0.2698233279840762,-0.1763369737668867,-1.0185037836846447,-0.3131846191286884,0.9165331484800643
5,Washington State,12,Florida Gulf Coast,63,74,Florida Gulf Coast,region2,2023,0,-0.4542071052634297,0.21174682814736254,-0.8934258408585403,1.0249786637124998,-0.4274064585039162,-1.4476620439593484,1.054559811096201,-0.14640909298209723,-0.033352931519160856,-0.3390299937010393,-0.056196569474226035
4,Villanova,13,Cleveland State,76,59,Villanova,region2,2023,1,0.0058418920291116155,0.6765569387147435,-1.2600248471677307,-0.24510970880472704,-1.3338029136070422,-1.0107410378279973,0.9798117033912357,-0.483491539716042,0.6150049916729758,-0.15335138164177906,-0.18635054582022387
6,Michigan,11,UNLV,71,59,Michigan,region2,2023,1,-0.3775322723813395,-0.25306328242001846,-1.2104844409097317,0.7886831525465038,0.1473815374151421,-1.6042254044897484,0.7239431808627019,-0.8631030801967929,0.06377461728588703,-0.9076282342927657,0.1904109646550303
3,LSU,14,Hawaii,73,50,LSU,region2,2023,1,0.46589088932165296,1.1413670492821246,2.296976322156587,1.0545156026082496,1.4738153741514293,1.45604214262192,0.6530283094502992,1.9264904392696383,-0.2540973606215419,1.2293761579790103,-0.8938793044529726
7,NC State,10,Princeton,63,64,Princeton,region2,2023,0,-1.220955434084332,-0.7178733929873995,0.09738228430143797,0.6853038664113812,0.8990273782323678,-0.32987246993997577,0.7086102356924526,0.30565942203024954,-0.061103659749174345,-0.1696747761085278,-0.47112353165996046
2,Utah,15,Gardner-Webb,103,77,Utah,region2,2023,1,0.6959153879679236,1.6061771598495056,1.1773631407258134,-2.1502422675805692,-0.31687030544255607,2.4072555830537152,1.8135405970235379,1.418504041738343,3.1327528801778497,2.0122189509468056,-2.747350215726035
1,Indiana,9,Miami (FL),68,70,Miami (FL),region2,2023,0,-1.1442806012022417,0.44415188343105305,0.9593853531906181,0.6114615191720085,0.1252743068028688,0.4984569375173766,-0.27844810964234135,0.48207640349848224,-0.49628553426529715,0.46965817383910763,0.421360877569731
12,Florida Gulf Coast,4,Villanova,57,76,Villanova,region2,2023,0,0.15919155779329205,0.44415188343105305,0.6819590781458249,-0.6586268533452204,0.47898999659921626,1.0273134053555326,-1.998612895929677,-0.4519885073110004,-0.9276832185682364,-0.4288086632681545,0.9811208359901074
6,Michigan,3,LSU,42,66,LSU,region2,2023,0,0.5425657222037432,-0.7178733929873995,-1.8941420472701163,0.16840743573576528,-0.38319199727937275,-1.8427114536697775,-0.40686152544317883,-1.8081940523480402,-0.24022199650653506,-1.2653826296889958,1.1729266958684188
10,Princeton,2,Utah,56,63,Utah,region2,2023,0,-0.7609064367917906,0.44415188343105305,-1.131219790896934,-0.8358484867197167,-1.64330414217884,-0.5255766706029766,-1.6775793564275838,-1.3821155390698527,-0.4988083277407529,-1.219813153469324,0.8852179060509515
9,Miami (FL),4,Villanova,70,65,Miami (FL),region2,2023,1,-0.9142561025559711,-0.25306328242001846,-0.14041166573695704,0.13887049684001534,0.8105984557832873,-0.2069884369655334,-0.6838128475808055,-0.46852759932364724,-0.48367156688801827,-0.6416929327719944,0.3890670338147094
3,LSU,2,Utah,66,63,LSU,region2,2023,1,-1.0676057683201514,-1.1826835035547805,0.5234297781202278,0.21271284407938906,-0.31687030544255607,0.3500858458519387,-0.9751388058155408,0.1347554712328989,-0.7901909741558961,-0.5281093129408718,0.12875908112271517
9,Miami (FL),3,LSU,42,54,LSU,region2,2023,0,-0.3775322723813395,-0.02065822713632797,-2.231016809824509,-0.4075628727313494,-0.5821570727898134,-1.7899168320955727,-0.6253559941192305,-2.020839521082071,-0.11408232273374583,-1.4476605345676827,1.0574517394110678
1,Virginia Tech,16,Chattanooga,58,33,Virginia Tech,region3,2023,1,0.6192405550858334,2.070987270416887,0.771131809410222,1.0840525415039997,0.8327056863955574,0.03240786431060257,1.2059726446524122,1.1310388710423385,-0.02452315435506546,0.8695813382744365,-0.5122247873481701
8,USC,9,South Dakota State,57,62,South Dakota State,region3,2023,0,-0.9142561025559711,-1.1826835035547805,-0.18995207199495448,0.3603975385581365,-1.0464089156475116,-0.39632087295578544,1.0670178290470285,0.5064912536123893,0.0852183618272612,0.41252629320548895,-0.33803375133623464
5,Iowa State,12,Toledo,73,80,Toledo,region3,2023,0,-0.7609064367917906,0.21174682814736254,-0.05123893447255856,1.3498849915657434,0.4347755353746728,-0.8869467527574479,1.0478516475842168,0.29778366392898903,-0.26166574104790924,0.27989871316316023,0.24325543625415597
4,Tennessee,13,Saint Louis,95,50,Tennessee,region3,2023,1,2.152737212727638,0.6765569387147435,0.09738228430143797,-0.023582667086605946,-0.2947630748302859,0.10613828409526797,0.8293571789081652,0.3607897287390723,1.0085607738440785,0.4744191638919097,-0.8870290951716037
6,UNC,11,St. John's (NY),61,59,UNC,region3,2023,1,-1.1442806012022417,-0.25306328242001846,0.4144408843526302,0.6557669275156313,1.4738153741514262,-0.027668774032458245,0.21124782673249315,0.2780942686758379,-0.2528359638838142,-0.15267124020566517,-0.3810922096762634
3,Ohio State,14,James Madison,80,66,Ohio State,region3,2023,1,-0.22418260661715905,1.1413670492821246,0.3748085593462312,-0.34848899493985064,1.1643141455796284,0.5621745842448653,0.8993137412474276,0.6317158074224296,1.118302290026405,0.8457763880104293,-1.0122900648880517
7,Baylor,10,Alabama,78,74,Baylor,region3,2023,1,-0.9909309354380613,-0.7178733929873995,-0.15031974698855624,-0.2451097088047281,0.6779550721096539,0.006920805619607172,-0.30240583647085595,-0.1322327283998286,-0.2238238389160726,-0.43765050193764277,-0.162864113998389
2,UConn,15,Vermont,95,52,UConn,region3,2023,1,1.9993875469634574,1.6061771598495056,1.6925833658090008,0.6705353969635073,1.6285659884373265,1.1383641610805841,1.5998376737131892,1.7752758837254388,0.6440171166407175,1.2871881800487428,-1.796149726941761
1,Virginia Tech,9,South Dakota State,72,60,Virginia Tech,region3,2023,1,-0.3775322723813395,0.44415188343105305,-0.16022782824015544,0.24224978297513897,-0.8032293789125274,-0.30074440286455234,0.6472784550114556,0.3095973010808795,-0.018216170666426022,0.4778198710724811,0.21585459912868288
12,Toledo,4,Tennessee,47,94,Tennessee,region3,2023,0,2.3060868784918185,0.44415188343105305,-0.6754480533233437,-1.3970503257389575,-0.9579799931984279,0.24358635060742195,-2.3531872529916904,-1.3514000824749373,-0.7548718654995152,-1.2823861655918585,1.042772719522421
6,UNC,3,Ohio State,69,71,Ohio State,region3,2023,0,-1.1442806012022417,-0.7178733929873995,-1.458186472199726,-0.20080430046110323,-1.0243016850352413,-1.220099019932603,-0.694354247385352,-1.2301134077155274,-0.6463917460549166,-1.208930890491492,0.9096829391986953
7,Baylor,2,UConn,58,77,UConn,region3,2023,0,0.15919155779329205,-0.25306328242001846,-0.8042531095941418,0.4933137635890089,0.10316707619059866,-1.0416896090956347,-0.8563084807461094,-0.9347724789182625,-0.9402971859455156,-1.229335133574927,0.8568384675995696
1,Virginia Tech,4,Tennessee,73,64,Virginia Tech,region3,2023,1,-0.6075567710276102,-0.7178733929873995,-0.42774602203334944,-1.1607548145729614,-1.201159529933412,0.3218680308726224,-1.0297624229845537,-0.6701470067159134,0.1167532802704585,-0.25877330423952816,0.4732267478429464
3,Ohio State,2,UConn,73,61,Ohio State,region3,2023,1,-0.3775322723813395,-1.1826835035547805,-0.3583894532721522,1.0249786637124998,0.899027378232371,-0.9570361641576856,-0.5783988495353419,-0.6937742810196943,-0.8784887457968488,-0.8450552221702311,0.9644846134496414
1,Virginia Tech,3,Ohio State,84,74,Virginia Tech,region3,2023,1,-0.53088193814552,-0.95027844827109,-0.7249884595813425,-0.31895205604410076,-1.8422692176892839,-0.4727820490287718,-0.913807025134544,-0.7756821652728026,-0.6274707949889982,-0.43016894614038326,1.2110921475788978
1,Stanford,16,Sacred Heart,92,49,Stanford,region4,2023,1,1.9993875469634574,2.070987270416887,0.83058029691982,0.5523876413805088,-0.6926932258511704,0.41653424886774826,2.4881901845145036,1.5145882905737198,1.5522227678048,1.836742460429263,-1.7785349030753848
8,Ole Miss,9,Gonzaga,71,48,Ole Miss,region4,2023,1,0.46589088932165296,-1.1826835035547805,-1.458186472199726,-0.1121934837738546,0.4126683047623995,-1.2665218768340591,-0.05995364096629,-1.2687046224117031,0.1520723889268394,-1.598651933385103,-0.21962299090115428
5,Louisville,12,Drake,83,81,Louisville,region4,2023,1,-1.1442806012022417,0.21174682814736254,-1.0915874658905342,-0.9687647117505902,-0.9137655319738844,-0.40997465439739017,0.6261956554023631,-0.48664184295654617,0.9883784260404321,-0.0635727120746648,-0.4075144454758276
4,Texas,13,East Carolina,79,40,Texas,region4,2023,1,1.6926882154350966,0.6765569387147435,1.1179146532162139,-0.7324692005845931,-0.20633415238119904,1.4778881929284882,0.40099302321432756,0.9940006800804079,0.9379225565313164,1.3450002021184755,-0.9203015402525354
6,Colorado,11,Middle Tennessee,82,60,Colorado,region4,2023,1,0.38921605643956275,-0.25306328242001846,0.05774995929503833,1.3203480526699947,0.01473815374151495,-0.7540499467258288,1.018144066316859,0.5072788294225156,-0.5644009581026035,-0.006440831441046118,-0.10708383842153398
3,Duke,14,Iona,89,49,Duke,region4,2023,1,1.7693630483171867,1.1413670492821246,0.7314994844038231,-0.762006139480344,-0.11790522993211533,1.1429154215611188,2.101033318965711,1.1672673583081365,2.432677690738869,1.2286960165428955,-2.903926427871596
7,Florida State,10,Georgia,54,66,Georgia,region4,2023,0,-0.3775322723813395,-0.7178733929873995,1.1971793032290117,0.7000723358592551,1.363279221090069,0.6732253399699168,-0.6234393759729492,0.793956424308394,-1.2064518976061007,0.3254681893828322,0.3694950072965142
2,Iowa,15,Southeastern Louisiana,95,43,Iowa,region4,2023,1,2.6894610429022694,1.6061771598495056,2.405965215924184,2.0735399945116075,1.7391021414986836,0.9299164310720855,1.6007959827863296,2.5376492679274447,-0.25283596388381396,2.321003162942791,-0.503417375414982
1,Stanford,8,Ole Miss,49,54,Ole Miss,region4,2023,0,-0.9142561025559711,0.21174682814736254,0.5729701843782267,0.10933355794426651,-0.33897753605482933,0.4538545848081345,-0.18549212954770553,0.5435073166883134,-0.5328660396594063,0.675741028981802,0.4781197544724949
5,Louisville,4,Texas,73,51,Louisville,region4,2023,1,0.38921605643956275,-1.1826835035547805,-0.9825985721229359,0.8477570303380025,-0.11790522993211533,-1.4285467499411018,-0.5506078864142654,-1.0151052115511185,-1.1257225063915155,-1.0252927027405754,1.3872403862426523
6,Colorado,3,Duke,61,53,Colorado,region4,2023,1,-0.6842316039097004,-0.7178733929873995,0.3748085593462312,0.965904785921001,0.03684538435378824,-0.24977028548256155,-0.5515661954874057,0.14184365352403325,-1.346466935493897,-0.038407478938427796,1.079959569906991
10,Georgia,2,Iowa,66,74,Iowa,region4,2023,0,-0.6842316039097004,0.44415188343105305,-3.073203716210488,-0.7177007311367192,-1.4443390666683993,-2.3815806945651103,-1.0546784588862088,-2.8249544232207566,-0.21120987153879361,-2.643349179256983,1.0476657261519695
8,Ole Miss,5,Louisville,62,72,Louisville,region4,2023,0,-0.53088193814552,-0.7178733929873995,-0.8042531095941418,-0.5552475672100968,-0.53794261156527,-0.39450036876357153,-0.8112679543085023,-0.9702133903739343,-0.1077753390451065,-1.0837848662464218,0.16790313415910707
6,Colorado,2,Iowa,77,87,Iowa,region4,2023,0,-0.53088193814552,-0.485468337703709,-1.8842339660185157,-1.1016809367814637,-1.753840295240197,-1.0489716258644908,-0.618647830607246,-1.6467410112722016,0.32236094852010483,-1.3653634207978271,0.25597725349098227
5,Louisville,2,Iowa,83,97,Iowa,region4,2023,0,-0.22418260661715905,-0.7178733929873995,-2.0625794285473114,-1.249365631260211,-1.2232667605456853,-1.1263430540335841,-0.9243484249390902,-1.9279055754871979,0.26307530184689404,-1.5047924152013015,0.5847872989966578
1,Virginia Tech,3,LSU,72,79,LSU,final four,2023,0,-0.7609064367917906,-0.95027844827109,-1.3789218221869282,-0.21557276990897714,-1.1127306074843282,-1.1354455749946537,-0.40590321637003823,-1.2876064418547282,-0.09263857819237166,-0.5396717173548186,1.105403204380645
1,South Carolina,2,Iowa,73,77,Iowa,final four,2023,0,-0.9909309354380613,-1.1826835035547805,-0.8736096783553391,-2.2388530842678183,-1.5990896809542996,0.5849308866475397,-0.7432280101155211,-0.9371352063486402,1.2873294528819428,-0.7178687736168182,-0.8292916169429289
3,LSU,2,Iowa,102,85,LSU,championship,2023,1,0.0058418920291116155,-1.1826835035547805,-0.8240692720973402,-1.249365631260211,-0.869551070749341,0.011472066100141818,-1.2137577650275444,-1.0198306664118744,0.004488970612676006,-1.1810450916107966,0.117994466537708
1,NC State,16,Longwood,96,68,NC State,region1,2022,1,0.849265053732104,2.070987270416887,0.9098449469326193,-1.1607548145729614,-1.4001246054438559,1.5488878564248327,2.1508653907690203,1.694943151092583,2.6445923426771554,2.046226022752531,-2.632853860594596
8,Washington State,9,Kansas State,40,50,Kansas State,region1,2022,0,-0.53088193814552,-1.1826835035547805,-0.5763672408073474,0.5966930497241325,-0.980087223810698,-0.8914980132379828,-0.5774405404622014,-0.5921770015134354,-1.0929261912105905,-0.4546540378405054,1.4234486353013134
5,Notre Dame,12,UMass,89,78,Notre Dame,region1,2022,1,-0.4542071052634297,0.21174682814736254,1.7223076095637992,-1.4708926729783312,0.7442767639464706,2.4828065070305945,0.725859799008983,1.4696964693965353,1.9962344194850181,1.3790072739242016,-2.542822538610899
4,Oklahoma,13,IU Indianapolis,78,72,Oklahoma,region1,2022,1,-0.8375812696738808,0.6765569387147435,0.8702126219262197,-0.8653854256154666,3.153964900684054,1.3313376054552641,1.1618904272879456,1.1404897807638512,1.5017668982956842,1.1416379127202387,-1.7403694513649046
6,Kentucky,11,Princeton,62,69,Princeton,region1,2022,0,-0.7609064367917906,-0.25306328242001846,-0.7943450283425412,2.7085841807702207,0.7221695333341973,-2.3970549801989285,0.3808685326783752,-0.5512230593868814,-1.9847336847842105,-1.2483790937861332,1.384304582264923
3,Indiana,14,Charlotte,85,51,Indiana,region1,2022,1,1.3093140510246455,1.1413670492821246,1.1674550594742128,0.22748131352726508,0.456882765986943,0.9326471873604064,0.5821134380378965,0.9152430990678039,0.5443667743602141,1.3463604849907052,-0.20983697764205733
7,UCF,10,Florida,69,52,UCF,region1,2022,1,0.0058418920291116155,-0.7178733929873995,-1.369013740935329,-0.9687647117505902,-2.1738776768733516,-0.6511914598657399,-0.5736073041696392,-1.2285382560952753,0.15585657914002324,-1.0701820375241324,0.3792810205556125
2,UConn,15,Mercer,83,38,UConn,region1,2022,1,2.152737212727638,1.6061771598495056,1.1575469782226135,-1.0278385895420878,-0.2726558442180126,1.6981692001863773,1.504965075472272,1.3547104011181337,1.9382101695495353,1.555163905877858,-2.1621466228320068
1,NC State,9,Kansas State,89,57,NC State,region1,2022,1,1.1559643852604649,0.44415188343105305,-0.15031974698855624,0.4342398857975112,-0.427406458503913,-0.39996188134021327,-0.277489800569201,-0.11963151543781168,-0.7737928165654337,-0.2533321727506122,0.6640540063953477
5,Notre Dame,4,Oklahoma,108,64,Notre Dame,region1,2022,1,2.0760623798455478,-1.1826835035547805,-0.11068742198215802,-1.1607548145729603,-2.1075559850365413,0.6176999621073912,-0.6981874836779141,-0.3976457764123038,0.5279686167697514,-0.2628541528562144,-0.2528954359820861
11,Princeton,3,Indiana,55,56,Indiana,region1,2022,0,-1.220955434084332,0.44415188343105305,-1.3392894971805285,-1.1902917534687112,-0.5821570727898134,-0.5028203682003022,-1.5740819765284013,-1.3789652358293487,-0.606027050447624,-1.2470188109139044,0.9233833577614318
7,UCF,2,UConn,47,52,UConn,region1,2022,0,-0.9142561025559711,-0.25306328242001846,-1.8644178035153174,1.1135894803997475,-0.980087223810698,-2.391593467622287,-1.0153877868874452,-1.8617492074366107,-1.6416337721222238,-2.0319020281900433,1.98516579637351
1,NC State,5,Notre Dame,66,63,NC State,region1,2022,1,-1.0676057683201514,-0.485468337703709,-0.8339773533489394,-0.0383511365344809,-1.0243016850352413,-0.7431269215725451,-0.30815569090969946,-0.7016500391209546,-0.3600546865906848,-0.4954625240073763,0.7550639297049551
3,Indiana,14,Charlotte,85,51,Indiana,region1,2022,1,1.3093140510246455,1.1413670492821246,1.1674550594742128,0.22748131352726508,0.456882765986943,0.9326471873604064,0.5821134380378965,0.9152430990678039,0.5443667743602141,1.3463604849907052,-0.20983697764205733
1,NC State,2,UConn,87,91,UConn,region1,2022,0,-0.9909309354380613,-1.1826835035547805,-0.9429662471165376,0.5376191719326338,-0.07369076870757191,-1.1937017091455004,-0.488317796660128,-0.9261091450068759,-0.6804494579735696,-1.0858252905547665,0.8069297999781719
1,South Carolina,16,Howard,79,21,South Carolina,region2,2022,1,3.149510040194811,2.070987270416887,2.306884403408187,-0.1417304226696045,-0.8916583013616143,2.2088206261023933,1.8346233966326304,2.2958634942187506,1.7527848491035354,2.472674703196326,-2.010463417315995
8,Miami (FL),9,South Florida,78,66,Miami (FL),region2,2022,1,-0.3775322723813395,-1.1826835035547805,-0.08096317822735899,0.0502596801527667,0.7221695333342004,-0.09775818543269572,0.1920816452696817,0.04812213211903461,-0.006863600026875008,-0.07105426787192433,-0.27638186780392093
5,UNC,12,Stephen F. Austin,79,66,UNC,region2,2022,1,-0.30085743949924926,0.21174682814736254,-1.0915874658905342,-0.8801538950633404,0.3684538435378561,-0.463679528067702,1.2222638988958017,-0.13144515258970244,1.6468275231343918,0.25201291428246575,-1.1541872571449654
4,Arizona,13,UNLV,72,67,Arizona,region2,2022,1,-0.9142561025559711,0.6765569387147435,-1.220392522161331,1.0102101942646249,-1.2895884523824988,-1.7516862440590795,1.08618401050984,-0.5512230593868814,-0.16453819224286156,-0.8572977680202917,-0.08946901455515922
6,Georgia,11,Dayton,70,54,Georgia,region2,2022,1,-0.0708329408529786,-0.25306328242001846,-0.3484813720205516,-0.2746466477004769,0.5453116884360267,-0.14964255491079365,0.6175708737440977,-0.010158477830292391,0.9959468064667993,-0.011881962929962046,-1.0015254503030444
3,Iowa State,14,UT Arlington,78,71,Iowa State,region2,2022,1,-0.7609064367917906,1.1413670492821246,0.2261873405722347,-0.34848899493985064,-0.5821570727898134,0.4219957614443902,1.2960536975276262,0.6608561123970932,1.1851563171259831,0.9566394420970933,-0.9212801415784443
7,Colorado,10,Creighton,74,84,Creighton,region2,2022,0,-0.53088193814552,-0.7178733929873995,-0.14041166573695704,0.24224978297513897,-0.2947630748302859,-0.27434709207745,-0.09924431296505341,-0.2283169772352053,-0.19228892047287527,-0.5709582234160854,-0.2000509643829604
2,Iowa,15,Illinois State,98,58,Iowa,region2,2022,1,1.7693630483171867,1.6061771598495056,1.335892440751409,0.5080822330368859,2.1370322925195713,0.9153523975343739,1.214597426310677,1.6839170897508178,0.2454157475187036,1.387849112593689,-0.9839106264366683
1,South Carolina,8,Miami (FL),49,33,South Carolina,region2,2022,1,-0.0708329408529786,0.21174682814736254,1.5439621470350051,-0.5404790977622218,-0.22844138299347233,1.7509638217605823,-0.08774460408736656,1.1696300857385147,0.39173776909513924,0.8886252984856428,-0.9075797230157084
5,UNC,4,Arizona,63,45,UNC,region2,2022,1,0.08251672491120184,-1.1826835035547805,-0.5268268345493485,-0.46663675052284814,1.2527430680287122,-0.1987961681005706,-0.7336449193841157,-0.7126761004627195,-0.14561724117694314,-0.6144872753274147,0.45952632928021125
6,Georgia,3,Iowa State,44,67,Iowa State,region2,2022,0,0.46589088932165296,-0.7178733929873995,-1.5275430409609245,-0.30418358659622474,0.10316707619059866,-1.2109964989715332,-0.9348898247436366,-1.5349052462343045,-0.49754693100302516,-1.7122355532162254,0.6572037971139801
10,Creighton,2,Iowa,64,62,Creighton,region2,2022,1,-1.1442806012022417,0.44415188343105305,-2.0625794285473114,-1.3232079784995847,-1.8422692176892839,-1.080830449228235,-1.1112186942015028,-1.8853764817403917,0.012057351039043424,-1.305510974419751,1.0046072678119409
1,South Carolina,5,UNC,69,61,South Carolina,region2,2022,1,-0.6842316039097004,-0.485468337703709,1.4250651720158076,-0.8506169561675916,-1.090623376872055,1.8438095355634943,-0.5266501595857508,0.8908282489538968,0.38921497561968355,0.7593984256238874,-0.6541219796050832
3,Iowa State,10,Creighton,68,76,Creighton,region2,2022,0,-0.6842316039097004,0.21174682814736254,-0.12059550323375723,0.9511363164731261,0.456882765986943,-0.7021655772477309,-0.19220029305968958,-0.3385775906528507,-0.7309053274826853,-0.6478142056970251,0.4830127611020447
1,South Carolina,10,Creighton,80,50,South Carolina,region2,2022,1,1.0026147194962844,0.6765569387147435,0.8702126219262197,-0.8949223645112154,0.03684538435378509,1.3595554204345803,-0.22382449247332847,0.48128882768835624,0.7726795838889626,0.07653642376492346,-1.2853198348168715
1,Stanford,16,Montana State,78,37,Stanford,region3,2022,1,1.846037881199277,2.070987270416887,1.5439621470350038,0.31609213021451266,0.1694887680274154,1.2202868497302122,1.0373102477796705,1.6421755718141382,0.3803851984555879,1.9149587255824316,-0.5523474417104695
8,Kansas,9,Georgia Tech,77,58,Kansas,region3,2022,1,0.15919155779329205,-1.1826835035547805,-0.26921672200775376,-0.37802593383560057,2.1812467537441114,-0.01947650516749539,-0.1538679301340665,-0.222016370754197,0.07891137813862176,-0.01120182149384816,0.14343810101136195
5,Virginia Tech,12,Florida Gulf Coast,81,84,Florida Gulf Coast,region3,2022,0,-1.0676057683201514,0.21174682814736254,-0.28903288451095355,1.010210194264626,-0.2505486136057425,-0.8860365006613411,0.9424376495387535,0.24974153951130043,-0.03713712173234445,0.1839987706710152,0.004476712732177451
4,Maryland,13,Delaware,102,71,Maryland,region3,2022,1,1.0792895523783748,0.6765569387147435,0.7215914031522231,1.0249786637124998,0.03684538435378509,0.027856603830067606,1.6755440904912946,0.9002791586754091,0.7537586328230442,1.0348557072502618,-0.8165697997061019
6,Ohio State,11,Missouri State,63,56,Ohio State,region3,2022,1,-0.7609064367917906,-0.25306328242001846,0.6720509968942243,0.0797966190485166,1.1864213761918985,0.5712771052059351,1.027727157048265,0.9073673409665434,0.6086980079843366,0.7192700808931313,-1.042626705991254
3,LSU,14,Jackson State,83,77,LSU,region3,2022,1,-0.8375812696738808,1.1413670492821246,1.1179146532162139,0.8772939692337524,-0.759014917687984,0.48662366026798576,0.9424376495387535,1.4122034352573347,0.18234591063230887,0.9641209978943529,-0.8106981917506432
7,Utah,10,Arkansas,92,69,Utah,region3,2022,1,0.46589088932165296,-0.7178733929873995,0.46398129061062976,-0.9835331811984641,-0.6263715340143569,1.035505674220495,-0.2688650189109356,0.2418657814100402,0.3766010082424042,0.6424140986121916,0.052428177701756035
2,Texas,15,Fairfield,70,52,Texas,region3,2022,1,0.08251672491120184,1.6061771598495056,0.43425704685582933,0.3899344774538864,0.6337406108851136,0.1598431577655799,1.7225012350751827,0.9711609815867528,1.1611897791091534,1.0913074464477657,-1.3440359143714566
1,Stanford,8,Kansas,91,65,Stanford,region3,2022,1,0.6959153879679236,0.21174682814736254,0.6026944281330257,-0.6143214450015956,-1.4885535278929396,0.9308266831681924,-0.594690103778732,0.3277115447137786,-0.06488784996235816,0.3159462092772291,-0.11980565565836165
12,Florida Gulf Coast,4,Maryland,65,89,Maryland,region3,2022,0,0.5425657222037432,0.44415188343105305,-0.6159995658137456,-2.6819071677040593,-1.0685161462597847,1.0782875227375233,-2.564015249082617,-1.4396085732090536,-0.01821617066642591,-0.7879233415366134,0.980142234664197
6,Ohio State,3,LSU,79,64,Ohio State,region3,2022,1,-0.14750777373506882,-0.7178733929873995,-0.9726904908713382,0.12410202739214145,0.05895261496605838,-0.9688694414070762,-0.08391136779480433,-0.9788767242853207,0.03223969884268972,-0.6206085482524445,0.4428901067397453
7,Utah,2,Texas,56,78,Texas,region3,2022,0,0.38921605643956275,-0.25306328242001846,-0.5862753220589452,0.6557669275156313,0.2579176904764991,-0.9470233911005088,-0.4566935972464888,-0.7087382214120892,-1.0967103814237742,-0.6845418432472078,1.3402675225989853
1,Stanford,4,Maryland,72,66,Stanford,region3,2022,1,-0.8375812696738808,-0.7178733929873995,-0.3583894532721522,-1.9434836953103223,-0.8032293789125274,0.8616475238640617,-0.7393947738229588,-0.30313667919717885,0.66041527423118,0.22616753971011389,-0.10512663576971487
6,Ohio State,2,Texas,63,66,Texas,region3,2022,0,-1.0676057683201514,-0.485468337703709,-0.3980217782785504,0.9511363164731261,1.0537779925182713,-0.9533951557732577,-0.33211341773821373,-0.6189545790577208,-0.8494766208291072,-0.8110481503645058,0.8147586105854497
1,Stanford,2,Texas,59,50,Stanford,region3,2022,1,-0.6075567710276102,-1.1826835035547805,-0.576367240807346,0.3603975385581365,-0.05158353809529862,-0.75678070301415,-0.36373761715185293,-0.5079063898299492,-0.7611788491881548,-0.411124985929177,0.9361051749982581
1,Louisville,16,Albany (NY),83,51,Louisville,region4,2022,1,1.1559643852604649,2.070987270416887,0.9197530281842192,1.7929390750019867,1.6948876802741402,-0.26433431902027327,1.779041470390477,1.316119186421958,0.15207238892683952,1.04981881884478,-0.8870290951716037
8,Nebraska,9,Gonzaga,55,68,Gonzaga,region4,2022,0,-0.30085743949924926,-1.1826835035547805,-1.0717713033873344,0.5966930497241336,1.6506732190495967,-1.3502650696759013,0.17483208195315134,-0.9032694465132208,-0.24022199650653506,-1.2266145678304685,0.07297880554586016
5,Oregon,12,Belmont,70,73,Belmont,region4,2022,0,-1.0676057683201514,0.21174682814736254,-1.3888299034385272,0.7591462136507549,-0.16211969115665562,-1.7407632189057958,0.7201099445701394,-0.6291930645893592,-0.5025925179539367,-0.8130885746728495,0.47616255182067574
4,Tennessee,13,Buffalo,80,67,Tennessee,region4,2022,1,-0.30085743949924926,0.6765569387147435,0.7116833219006226,0.9215993775773772,-0.29476307483028275,0.08065122540427248,1.6228370914685628,1.1050488693081795,0.5784244862788671,1.0069699083695673,-1.006418456932593
6,BYU,11,Villanova,57,61,Villanova,region4,2022,0,-0.9909309354380613,-0.25306328242001846,-0.2593086407561531,0.9215993775773772,-0.02947630748302848,-0.8095753245883546,-0.6847711566539462,-0.4850666913362941,-1.2947496692470533,-0.8436949392980023,1.0633233473665267
3,Michigan,14,American,74,39,Michigan,region4,2022,1,1.3859888839067356,1.1413670492821246,0.5927863468814264,-0.23034123935685313,0.456882765986943,0.6896098776998426,1.5624636198607067,0.7789924839159991,1.717465740447154,1.2218946021817498,-1.477125694695181
7,Ole Miss,10,South Dakota,61,75,South Dakota,region4,2022,0,-0.22418260661715905,-0.7178733929873995,-0.5565510783041475,-0.747237670032468,0.7000623027219303,-0.044963563858490915,0.7239431808627019,0.10404001463798332,1.1977702845032623,0.13570872870688575,-1.2745552202318635
2,Baylor,15,Hawaii,89,49,Baylor,region4,2022,1,1.7693630483171867,1.6061771598495056,1.1971793032290117,0.6262299886198824,0.8327056863955574,0.7087251717180891,0.8830224870040375,1.1735679647891446,0.21892641602641774,0.7355934753598791,-1.1072143935012972
1,Louisville,9,Gonzaga,68,59,Louisville,region4,2022,1,-0.6075567710276102,0.44415188343105305,-0.9726904908713367,0.4637768246932601,0.9874563006814547,-1.178227423511682,0.15949913678290217,-0.7654436797411639,-0.2427447899819908,-1.0259728441766902,0.16105292487773673
12,Belmont,4,Tennessee,67,70,Tennessee,region4,2022,0,-1.0676057683201514,0.44415188343105305,-0.8835177596069397,-1.0721439978857137,-1.7096258340156567,-0.15328356329522158,-2.0407784951478622,-1.56955858187985,-0.43321569737890253,-1.3007499843669499,1.070173556647894
11,Villanova,3,Michigan,49,64,Michigan,region4,2022,0,-0.14750777373506882,0.44415188343105305,-0.8339773533489409,-0.6733953227930943,-0.47162091972845643,-0.3526287723426503,-0.7183119742138663,-0.6780227648171736,-0.3953737952470659,-0.5627965261827109,0.5926161096039356
10,South Dakota,2,Baylor,61,47,South Dakota,region4,2022,1,-0.22418260661715905,0.44415188343105305,-0.7051722970781427,0.6409984580677563,-1.3780173748315856,-1.0462408695761698,-2.0676111491957982,-1.6963582873101424,-2.022575586916047,-1.5605640129626905,2.671165325836243
1,Louisville,4,Tennessee,76,64,Louisville,region4,2022,1,-0.3775322723813395,-0.7178733929873995,-0.606091484562145,-0.9244593034069664,-1.1127306074843282,0.013292570292355902,-0.9262650430853713,-0.7575679216399037,-0.034614328256888496,-0.5539546875132236,0.3831954258592493
3,Michigan,10,South Dakota,52,49,Michigan,region4,2022,1,-1.0676057683201514,0.21174682814736254,-0.40792985953015104,-0.023582667086605946,0.5895261496605733,-0.35535952863097126,0.838940269639571,0.17413426173920085,0.8067372958076157,0.2778582888548166,-0.7363244909815018
1,Louisville,3,Michigan,62,50,Louisville,region4,2022,1,-0.3775322723813395,-0.95027844827109,0.018117634288640102,-0.12696195322172954,-0.11790522993211533,0.09248450265366323,-0.48735948758698727,-0.03378575213407355,-0.5063767081671203,-0.08057624797752744,0.3910242364665272
1,South Carolina,1,Louisville,72,59,South Carolina,final four,2022,1,-0.30085743949924926,-1.415088558838471,0.8702126219262197,-0.9687647117505891,-0.2505486136057425,1.4050680252399295,-0.41069476173574104,0.5238179214351624,0.521661633081112,0.275817864546474,-0.8654998660015886
1,Stanford,2,UConn,58,63,UConn,final four,2022,0,-0.9142561025559711,-1.1826835035547805,-0.5367349158009478,0.43423988579751016,-0.02947630748302848,-0.7604217113985778,-0.6100230489489812,-0.5827260917919228,-0.7901909741558965,-0.4451320577349023,1.0858311778624499
1,South Carolina,2,UConn,64,49,South Carolina,championship,2022,1,-0.14750777373506882,-1.1826835035547805,0.2460035030754345,-0.0678880754302308,-0.1842269217689289,0.27908618235559424,-0.6157729033878245,-0.09915454437453468,-0.1304804803242083,-0.2723761329618175,0.12288747316725715
1,Louisville,16,Robert Morris,69,34,Louisville,region1,2019,1,1.3859888839067356,2.070987270416887,1.2566277907386112,0.6409984580677573,0.5232044578237566,0.7496865160429033,1.7244178532214642,1.757949215902666,0.49895649180200985,1.9720906062160493,-0.6736940061232785
8,Michigan,9,Kansas State,84,54,Michigan,region1,2019,1,1.0026147194962844,-1.1826835035547805,0.39462472184943104,-0.0974250143259807,0.19159599863968552,0.4247265177327111,-1.0556367679593492,-0.03772363118470381,-0.7889295774181683,-0.16015279600292467,0.6102309334703125
5,Gonzaga,12,Little Rock,68,51,Gonzaga,region1,2019,1,0.0058418920291116155,0.21174682814736254,0.8702126219262204,0.3308605996623876,0.2137032292519588,0.5985846680891446,-0.10403585833075653,0.6057258056882704,-0.32473557793430385,-0.11186275403879523,-0.35760577785442993
4,Oregon State,13,Boise State,80,75,Oregon State,region1,2019,1,-0.9142561025559711,0.6765569387147435,-0.3187571282657526,-0.3780259338355995,-0.8032293789125274,-0.0658993620689515,0.5035320940403691,-0.042449086045459945,0.9581049043349628,1.1259946596896058,0.22270480841005186
6,UCLA,11,Tennessee,89,77,UCLA,region1,2019,1,-0.3775322723813395,-0.25306328242001846,-0.40792985953014965,-0.023582667086605946,-1.0464089156475116,-0.3571800328231853,-0.0637868772588523,-0.41654759585532874,0.043592269482240736,-0.2635342942923292,0.28827109724600447
3,Maryland,14,Radford,73,51,Maryland,region1,2019,1,0.38921605643956275,1.1413670492821246,0.8206722156682208,0.9215993775773772,0.677955072109657,0.19079172903321706,0.9798117033912357,1.018415530194315,-0.1027297520941947,1.1511598928258424,0.13952369570772305
7,Rutgers,10,Buffalo,71,82,Buffalo,region1,2019,0,-0.4542071052634297,-0.7178733929873995,-1.507726878457725,-1.3084395090517087,-1.6654113727911133,-0.5765507879849675,-0.19699183842539256,-1.306508261297753,0.9858556325649764,-0.8538970608397194,-0.15992831002066032
2,UConn,15,Towson,110,61,UConn,region1,2019,1,2.4594365442559987,1.6061771598495056,1.2269035469838108,-1.5447350202177048,-0.9579799931984279,2.082295584743523,0.7124434719850149,1.1097743241689355,2.00128000643593,1.7041148803869348,-1.5006121265170163
1,Louisville,8,Michigan,71,50,Louisville,region1,2019,1,0.3125412235574725,0.21174682814736254,0.29554390933343333,-0.5847845061058466,-0.3610847666670995,0.6286229872606748,-0.19890845657167366,0.1481442600050414,0.32614513873328854,0.3805596457081073,-0.14329208748019442
5,Gonzaga,4,Oregon State,70,76,Oregon State,region1,2019,0,-0.8375812696738808,-1.1826835035547805,-0.4871945095429475,-0.3189520560441018,-0.2505486136057425,-0.2497702854825614,-1.334504708243257,-0.9095700529942292,-0.6943248220885764,-1.5367590626986842,0.3303509542601237
6,UCLA,3,Maryland,85,80,UCLA,region1,2019,1,-0.9142561025559711,-0.7178733929873995,-0.4475621845365493,1.1431264192954973,-0.47162091972845643,-1.1145097767841932,0.20837289951307147,-0.36220486495663196,-0.7359509144335968,-0.5709582234160863,0.6630754050694382
10,Buffalo,2,UConn,72,84,UConn,region1,2019,0,-0.3775322723813395,0.44415188343105305,-0.9825985721229373,1.5861805027317406,0.39056107415012936,-1.8809420417062708,-1.1361347301031577,-1.242714620677544,-2.1588064345906597,-1.684349754335531,1.9528719526184877
1,Louisville,4,Oregon State,61,44,Louisville,region1,2019,1,0.0058418920291116155,-0.7178733929873995,-0.04133085322095795,-0.23034123935685313,0.47898999659921315,0.10431777990305396,-0.5582743589993899,-0.20547727874155025,-0.3095988170815692,-0.23496835397552085,0.15028831029273024
6,UCLA,2,UConn,61,69,UConn,region1,2019,0,-0.6842316039097004,-0.485468337703709,-1.220392522161331,1.8224760138977356,-0.3610847666670995,-2.239581367572421,-0.047495623015462514,-1.021405818032127,-1.5773025384981012,-1.3898485124979503,1.4537852764045156
1,Louisville,2,UConn,73,80,UConn,region1,2019,0,-0.7609064367917906,-1.1826835035547805,-0.8042531095941404,0.4490083552453851,-0.3610847666670995,-1.0207538108851744,-0.3752373260295398,-0.800884591196836,-0.6741424742849303,-0.8083275846200483,0.8196516172149986
1,Notre Dame,16,Bethune-Cookman,92,50,Notre Dame,region2,2019,1,1.9227127140813671,2.070987270416887,2.2672520784017864,0.5671561108283837,1.6285659884373265,1.7291177714540145,2.1700315722318324,2.5226853275350503,1.3289555452269632,2.8256681085397544,-1.258897599017308
8,Central Michigan,9,Michigan State,87,88,Michigan State,region2,2019,0,-1.220955434084332,-1.1826835035547805,0.21627925932063546,-0.31895205604410076,-0.4937281503407297,0.39741895484950174,-1.1792586383944836,-0.23225485628583556,-0.6766652677603858,-0.103020915369306,0.9948212545528439
5,Marquette,12,Rice,58,54,Marquette,region2,2019,1,-0.9909309354380613,0.21174682814736254,1.2764439532418097,1.3498849915657445,2.1812467537441114,0.3409833248908689,0.700943763107328,1.3263576719535963,-0.7763156100408894,0.7784423858350936,0.05242817770175534
4,Texas A&M,13,Wright State,84,61,Texas A&M,region2,2019,1,0.46589088932165296,0.6765569387147435,-0.36829753452375147,-0.2451097088047281,-0.2505486136057425,-0.18605263875507283,0.6415286005726123,-0.22595424980482717,0.9845942358272484,0.19692145795719065,-0.553326043036379
6,DePaul,11,Missouri State,78,89,Missouri State,region2,2019,0,-0.4542071052634297,-0.25306328242001846,0.503613615617028,1.4532642777008682,-0.09579799931984205,-0.43819246937670664,0.2572466622432409,0.5332688311566747,-1.1698713922119919,0.3526738468274128,0.8734746901400348
3,Iowa State,14,New Mexico State,97,61,Iowa State,region2,2019,1,1.462663716788826,1.1413670492821246,0.3549923968430328,0.020722741257017858,0.2137032292519588,0.31549626619987353,1.5892962739086425,0.9916379526500296,1.1611897791091534,1.5701270174723774,-0.6257425411537006
7,BYU,10,Auburn,73,64,BYU,region2,2019,1,-0.6075567710276102,-0.7178733929873995,-0.5565510783041462,-0.05311960598235585,-0.648478764626627,-0.4855255783742694,-0.9713055695229786,-0.86389065600691894,-0.5707079417912428,-1.169482687196851,0.6572037971139801
2,Stanford,15,UC-Davis,79,54,Stanford,region2,2019,1,0.6192405550858334,1.6061771598495056,-0.03142277196936015,0.5966930497241325,0.4347755353746697,-0.39996188134021343,1.092892174021824,0.31196002851125776,0.4838197309492752,0.43089011198058036,-0.5357112191700035
1,Notre Dame,9,Michigan State,91,63,Notre Dame,region2,2019,1,0.849265053732104,0.44415188343105305,1.0188338407002162,-0.5257106283143459,0.47898999659921315,1.2557866814783845,-0.06378687725885214,0.7443391482704532,0.41570430711196915,0.6369729671232766,-0.6335713517609785
5,Marquette,4,Texas A&M,76,78,Texas A&M,region2,2019,0,-1.1442806012022417,-1.1826835035547805,0.8900287844294195,0.24224978297513897,0.6337406108851136,0.6677638273932749,-0.5726489950964987,0.5631967119414643,-0.7775770067786173,0.2615348943880698,0.42038227624382074
11,Missouri State,3,Iowa State,69,60,Missouri State,region2,2019,1,-0.6075567710276102,0.44415188343105305,-0.9231500846133393,-0.09742501432597965,-0.47162091972845643,-0.7849985179934661,-1.6430802297945228,-1.2773679563230895,-1.2531235769020328,-1.4707853433955762,1.3030806722144146
7,BYU,2,Stanford,63,72,Stanford,region2,2019,0,-0.6075567710276102,-0.25306328242001846,-0.8042531095941404,0.3456290691102626,-0.9137655319738844,-0.9552156599654714,-1.7437026824742834,-1.3135964435888874,-1.5634271743830943,-1.6931915930050192,1.6181902991573536
1,Notre Dame,4,Texas A&M,87,80,Notre Dame,region2,2019,1,-0.7609064367917906,-0.7178733929873995,1.5439621470350038,0.6853038664113822,1.1864213761918985,0.9890828173190392,-0.08391136779480433,1.1278885678018344,-0.5946744798080728,0.8410153979576281,0.15126691161863978
11,Missouri State,2,Stanford,46,55,Stanford,region2,2019,0,-0.6075567710276102,0.6765569387147435,-0.4475621845365493,0.36039753855813755,0.34634661292558594,-0.6302556616552794,-1.896073825103635,-1.0064418776397321,-1.8068767447645775,-1.254500366711163,1.737579660918343
1,Notre Dame,2,Stanford,84,68,Notre Dame,region2,2019,1,-0.0708329408529786,-1.1826835035547805,1.1179146532162139,0.6114615191720085,0.9653490700691846,0.6450075249906005,-0.5496495773411246,0.658493384966715,-0.933990202256876,0.5594368434062229,0.6914548435208215
1,Baylor,16,Abilene Christian,95,38,Baylor,region3,2019,1,3.0728352073127208,2.070987270416887,0.5234297781202278,-1.219828692364459,1.5401370659882427,1.2384918916523517,1.529881111373927,1.0562191690803648,2.6029662503321345,1.691192193100759,-2.1249597724474354
8,California,9,UNC,92,72,California,region3,2019,1,0.2358663906753823,-1.1826835035547805,-0.5367349158009478,-0.18603583101322935,-1.5106607585052128,-0.38357734361028767,-0.3033641455439965,-0.6055657902855781,-0.008124996764602873,-0.4988632311879486,0.39298143911834765
5,Florida State,12,Bucknell,70,67,Florida State,region3,2019,1,-1.0676057683201514,0.21174682814736254,-0.7051722970781441,0.5228507024847598,-0.09579799931984205,-0.9697796935031832,0.9290213225147854,-0.43151153624772337,0.5254458232942957,-0.4097647030569483,-0.4143646547571952
4,South Carolina,13,Belmont,74,52,South Carolina,region3,2019,1,0.38921605643956275,0.6765569387147435,-0.28903288451095355,1.0249786637124998,0.9874563006814547,-0.8878570048535549,1.1063085010457918,0.20484971833411644,-0.1506628281278547,-0.2873392445563375,-0.5406042257995527
6,Kentucky,11,Princeton,82,77,Kentucky,region3,2019,1,-0.9142561025559711,-0.25306328242001846,-0.24940055950455534,-0.6438583838973454,-0.3610847666670995,0.1643944182461147,0.1432078825395122,-0.14089606231121493,0.5973454373447853,-0.1247854413249697,-0.6100849199391449
3,NC State,14,Maine,63,51,NC State,region3,2019,1,-0.3775322723813395,1.1413670492821246,0.10729036555303717,0.5228507024847588,0.8548129170078276,-0.21791146211881726,1.0219773026094212,0.28360729934672035,0.5405825841470302,0.07449599945657986,-0.9692316065480222
7,Missouri,10,Drake,77,76,Missouri,region3,2019,1,-1.220955434084332,-0.7178733929873995,-1.7653369909993182,-1.1459863451250853,-2.1517704462610814,-0.9197158282172994,0.14991604605149636,-1.3514000824749373,1.1712809530109765,-0.37099664119842096,0.17181753946274458
2,Iowa,15,Mercer,66,61,Iowa,region3,2019,1,-0.9142561025559711,1.6061771598495056,0.7612237281586228,0.9068309081295023,0.5895261496605702,0.14254836793954714,1.3142615699172973,1.0814215950043982,0.1482881987136558,1.0865464563949636,-0.42512926934220235
1,Baylor,8,California,102,63,Baylor,region3,2019,1,1.6926882154350966,0.21174682814736254,0.5729701843782267,-2.0911683897890696,0.9432418394569144,1.817412224776392,-0.6416472483626201,0.15602001810630178,1.3768886212606228,0.16087396184312178,-1.6072796710411785
5,Florida State,4,South Carolina,64,72,South Carolina,region3,2019,0,-0.6842316039097004,-1.1826835035547805,-0.9925066533745366,-0.8063115478239667,-0.7148004564634406,-0.4199874274545669,-0.9435146064019018,-1.1505682508927975,-0.025784551092793328,-0.9708813878514152,0.5730440830857417
6,Kentucky,3,NC State,57,72,NC State,region3,2019,0,-0.14750777373506882,-0.7178733929873995,-0.25930864075615456,-0.23034123935685208,0.2137032292519588,-0.1023094459132306,-0.8486420081609849,-0.48979214619705036,-0.5189906755443995,-0.7654786741448338,0.3225221436528458
7,Missouri,2,Iowa,52,68,Iowa,region3,2019,0,-0.0708329408529786,-0.25306328242001846,-1.5572672847157236,-1.249365631260209,-1.5769824503420264,-0.6648452413073447,-0.7556860280663489,-1.5813722190317405,0.5708561058524995,-1.2925882871335754,0.1923681673068494
1,Baylor,4,South Carolina,93,68,Baylor,region3,2019,1,0.6192405550858334,-0.7178733929873995,0.31536007183663317,-1.6185773674570776,-0.2284413829934692,1.284914748553808,-0.5381498684634378,-0.029847873083443582,1.0741534042059289,0.10034137402893076,-0.8840932911938739
3,NC State,2,Iowa,61,79,Iowa,region3,2019,0,0.08251672491120184,-1.1826835035547805,-1.051955140884136,-0.9244593034069654,-0.6705859952389003,-0.3881286040908226,-0.7671857369440357,-1.1127646120067474,0.18613010084549259,-1.0844650076825366,0.05829978565721406
1,Baylor,2,Iowa,85,53,Baylor,region3,2019,1,1.1559643852604649,-1.1826835035547805,0.00820955303703949,-1.6924197146964512,0.05895261496605838,1.054620968238742,-0.4451938883688019,-0.25982000964024693,1.2444419637991941,-0.38459946992071126,-1.3264210905050808
1,Mississippi State,16,Southern,103,46,Mississippi State,region4,2019,1,3.0728352073127208,2.070987270416887,2.2573439971501874,-0.9539962423027142,1.0095635312937248,2.667587682540312,1.2586796436751435,2.521897751724924,1.4689705831147593,3.067118318360403,-0.6599935875605419
8,South Dakota,9,Clemson,66,79,Clemson,region4,2019,0,-0.30085743949924926,-1.1826835035547805,0.47388937186222896,-1.0573755284378377,-2.085448754424268,1.0801080269297372,-1.667996265696178,-0.32203849864020395,-0.48367156688801827,-0.22612651530603162,0.9184903511318834
5,Arizona State,12,UCF,60,45,Arizona State,region4,2019,1,-0.14750777373506882,0.21174682814736254,0.09738228430143797,0.37516600800601246,-0.759014917687984,-0.14327079023804476,0.29462071609572343,0.026070009435505415,0.1003551226799958,0.2350093783796036,0.20508998454367638
4,Miami (FL),13,Florida Gulf Coast,69,62,Miami (FL),region4,2019,1,-0.7609064367917906,0.6765569387147435,-0.4871945095429489,0.980673255368876,0.47898999659921315,-1.0562536426333464,1.016227448170578,0.10561516625823543,-0.18219774657105203,0.4125262932054885,0.5231354154643448
6,South Dakota State,11,Quinnipiac,76,65,South Dakota State,region4,2019,1,-0.4542071052634297,-0.25306328242001846,1.0485580844550153,1.689559788866864,0.2358104598642258,-0.08501465608719785,0.2649131348283655,0.6640064156375973,-0.8784887457968488,0.4254489804916649,0.5505362525898172
3,Syracuse,14,Fordham,70,49,Syracuse,region4,2019,1,0.3125412235574725,1.1413670492821246,1.365616684506208,1.9110868305849853,2.7781419802754383,0.07701021701984456,0.7047769993998902,1.1735679647891448,-0.8936255066495834,0.25813418720749653,-0.4349152826012993
7,Texas,10,Indiana,65,69,Indiana,region4,2019,0,-0.9909309354380613,-0.7178733929873995,-0.18004399074335528,-0.496173689418598,-0.6705859952389003,0.14800988051618907,-0.5640242134382333,-0.37165577467814437,0.009534557563587693,-0.340390276573269,0.18453935669957158
2,Oregon,15,Portland State,78,40,Oregon,region4,2019,1,1.6160133825530063,1.6061771598495056,1.0782823282098157,0.4194714163496363,-0.759014917687984,0.7433147513701543,1.3775099687445753,1.4901734404598126,0.38290799193104375,2.146886955297478,-0.031731536326483005
1,Mississippi State,9,Clemson,85,61,Mississippi State,region4,2019,1,0.5425657222037432,0.44415188343105305,1.3755247657578087,-1.2789025701559589,-1.1127306074843282,2.0467957529953504,-0.7211869014332881,0.977461588067761,0.27442787248644507,1.4497419832801097,0.22661921371369076
5,Arizona State,4,Miami (FL),57,55,Arizona State,region4,2019,1,-1.1442806012022417,-1.1826835035547805,-1.1312197908969324,-0.7620061394803429,-1.5769824503420264,-0.5656277628316838,-0.11841049442786505,-0.9694258145638083,0.5658105189015881,-0.7416737238808255,-0.06108957610377589
6,South Dakota State,3,Syracuse,75,64,South Dakota State,region4,2019,1,-0.4542071052634297,-0.7178733929873995,-0.14041166573695704,-0.6586268533452204,-1.4001246054438559,0.2736246697789525,-1.3699621439494585,-0.7055879181715851,-0.34113373552476656,-0.6294503869219328,0.6317601626403262
10,Indiana,2,Oregon,68,91,Oregon,region4,2019,0,0.46589088932165296,0.44415188343105305,-1.8842339660185172,0.3899344774538864,0.7000623027219272,-1.9801595201819318,-1.079594494787864,-1.7995307184366538,-1.1358136802933387,-2.142765082276707,1.0192862877005868
1,Mississippi State,5,Arizona State,76,53,Mississippi State,region4,2019,1,0.46589088932165296,-0.485468337703709,1.742123772066999,0.020722741257017858,1.4959226047636962,1.5862081923652185,-1.1438012026882824,1.0483434109791043,-1.0336405445373793,0.7403544654126801,0.43603989745837707
6,South Dakota State,2,Oregon,53,63,Oregon,region4,2019,0,-0.53088193814552,-0.485468337703709,-0.9033339221101395,-0.0383511365344809,0.058952614966055236,-0.8141265850688894,-1.7695770274490792,-1.404167661753382,-1.061391272767393,-1.729239089119088,0.925340560413251
1,Mississippi State,2,Oregon,84,88,Oregon,region4,2019,0,-0.9909309354380613,-1.1826835035547805,-0.1899520719949559,-0.6881637922409692,0.8327056863955543,0.24176584641520804,-1.2223825466858098,-0.45907668960213494,-0.39158960503388207,-0.6097262852746126,0.19628257261048832
1,Baylor,2,Oregon,72,67,Baylor,final four,2019,1,-0.9142561025559711,-1.1826835035547805,-0.6358157283169454,-1.0573755284378377,0.788491225171014,0.06517693977045398,-0.7556860280663489,-0.7835579233740632,0.497695095064282,-0.9334736088651175,-0.6962018366192028
1,Notre Dame,2,UConn,81,76,Notre Dame,final four,2019,1,-0.9142561025559711,-1.1826835035547805,0.2559115843270337,1.246505705430622,0.8548129170078276,-0.5401407041406884,-0.09445276759935063,0.0741121338531939,-1.0412089249637468,-0.29890164897028326,0.6875404382171822
1,Baylor,1,Notre Dame,82,81,Baylor,championship,2019,1,-1.220955434084332,-1.415088558838471,-1.0024147346261358,-1.3379764479474587,-0.9358727625861546,-0.08865566447162586,-0.7298116830915533,-1.0733858215004455,0.5897770569184179,-0.911028941473339,-0.2920394890184762
1,UConn,16,Saint Francis (PA),140,52,UConn,region1,2018,1,5.449755026657518,2.070987270416887,0.6126025093846262,-2.9034342094221817,-0.7811221483002573,2.357191717767831,1.5001735301065688,0.9254815845994424,3.8088615316,1.9618884846743319,-2.6044744221432126
8,Miami (FL),9,Quinnipiac,72,86,Quinnipiac,region1,2018,0,-0.22418260661715905,-1.1826835035547805,-0.38811369702695125,0.7886831525465038,0.8105984557832842,-0.8441649042404199,0.531323057161446,-0.1723990947162564,-0.24274478998199092,-0.4893412510823455,-0.2186443895752454
5,Duke,12,Belmont,72,58,Duke,region1,2018,1,-0.22418260661715905,0.21174682814736254,-1.1906682784065319,-0.48140521997072416,0.39056107415012625,-0.8004728036272848,0.9242297771490824,-0.4834915397160419,0.9417067467445001,-0.4104448444930631,-0.8909435004752425
4,Georgia,13,Mercer,68,63,Georgia,region1,2018,1,-0.9142561025559711,0.6765569387147435,-0.6853561345749443,0.4194714163496363,0.456882765986943,-0.8914980132379828,0.8034828339333697,-0.383469411830035,0.3892149756196832,-0.9001466784955061,-0.8596282580461305
6,South Florida,11,Buffalo,79,102,Buffalo,region1,2018,0,0.46589088932165296,-0.25306328242001846,-0.606091484562145,-0.28941511714835083,-1.4885535278929427,-0.372654318457004,-0.051328859308024825,-0.45986426541226083,0.10540070963090749,0.37579865565530524,1.0359225102410528
3,Florida State,14,Little Rock,91,49,Florida State,region1,2018,1,1.9227127140813671,1.1413670492821246,1.7916641783249978,1.5714120332838657,0.8769201476201008,0.6786868525465588,0.6031962376469893,1.8154422500418665,-1.2190658649833797,1.3545221822240792,0.41842507359200165
7,California,10,Virginia,62,68,Virginia,region1,2018,0,-0.8375812696738808,-0.7178733929873995,0.36490047809463133,0.7148408053071311,-0.2505486136057425,-0.10777095848987253,-0.714478737921304,0.06229849670130329,-1.2354640225738425,-0.45873488645719257,0.6699256143508071
2,South Carolina,15,North Carolina A&T,63,52,South Carolina,region1,2018,1,-0.4542071052634297,1.6061771598495056,0.5432459406234276,0.4490083552453862,0.7663839945587407,0.22265055239696135,1.6352951094193906,1.1775058438397752,0.8874666870222007,1.7680481753816983,-0.13644187819882617
1,UConn,9,Quinnipiac,71,46,UConn,region1,2018,1,0.6192405550858334,0.44415188343105305,1.4250651720158076,-0.7915430783760928,0.7663839945587407,1.8028481912386796,0.798691288567667,1.3208446412827144,1.3869797951624463,1.3885292540298038,-1.6121726776707277
5,Duke,4,Georgia,66,40,Duke,region1,2018,1,0.6959153879679236,-1.1826835035547805,-0.14041166573695704,-0.17126736156535438,-0.3168703054425592,-0.022207261455816234,-0.36469592622499347,-0.18578788348839906,-0.2604043443101814,0.2098441452433661,0.7697429495936011
11,Buffalo,3,Florida State,86,65,Buffalo,region1,2018,1,0.3125412235574725,0.44415188343105305,-0.6060914845621465,0.13887049684001534,0.677955072109657,-0.645729947289098,-1.25592336424573,-1.0851994586523361,-0.8570450012554744,-1.6517029654020343,0.3978744457478968
10,Virginia,2,South Carolina,56,66,South Carolina,region1,2018,0,-0.53088193814552,0.44415188343105305,-1.6167157722253225,0.020722741257017858,-1.201159529933412,-1.500456665533553,-0.4480688155882236,-1.4687488781837172,-0.36383887680386834,-1.2993897014947202,0.8587956702513887
1,UConn,5,Duke,72,59,UConn,region1,2018,1,-0.30085743949924926,-0.485468337703709,1.7223076095638006,-0.4075628727313494,0.1694887680274154,1.839258275082959,-0.39632012563863234,1.0987482628271712,0.22144920950187358,0.8791033183800396,-0.5963845013764081
11,Buffalo,2,South Carolina,63,79,South Carolina,region1,2018,0,-0.0708329408529786,0.6765569387147435,-0.03142277196936015,0.5966930497241315,0.10316707619060181,-0.4026926376285342,-1.45525165145897,-0.6331309436399897,-1.506664321185339,-1.1558798584745595,0.9566558028423636
1,UConn,2,South Carolina,94,65,UConn,region1,2018,1,0.9259398866141942,-1.1826835035547805,1.088190409461415,-1.1312178756772124,-0.427406458503913,1.6981692001863768,-0.5611492862188117,0.5663470151819685,0.661676670968908,0.6675793317484285,-0.6883730260119243
1,Mississippi State,16,Nicholls State,95,50,Mississippi State,region2,2018,1,2.152737212727638,2.070987270416887,1.2566277907386099,-1.2198286923644601,0.9874563006814547,1.9047964260026617,1.1983061720672874,1.5114379873332158,2.0088483868622973,2.3482088203873714,-1.1669090743817918
8,Syracuse,9,Oklahoma State,57,84,Oklahoma State,region2,2018,0,0.7725902208500138,-1.1826835035547805,-0.8339773533489409,-0.12696195322172954,0.6116333802728403,-0.6885117958061263,-0.8869743710866078,-0.8276621687411212,-0.8444310338781955,-0.7613978255281466,1.0633233473665267
5,Maryland,12,Princeton,77,57,Maryland,region2,2018,1,0.2358663906753823,0.21174682814736254,0.8702126219262197,1.3498849915657434,-0.07369076870757191,-0.03586104289742098,0.2045396632205091,0.6632188398274711,-0.8911027131741275,0.2615348943880689,0.36655920331878483
4,NC State,13,Elon,62,35,NC State,region2,2018,1,0.7725902208500138,0.6765569387147435,-0.7547127033361429,-0.023582667086605946,-0.33897753605482933,-0.6930630562866611,0.6645280183279862,-0.37795638115915275,0.6238347688370711,0.12550660716516776,-0.019988320415566273
6,Iowa,11,Creighton,70,76,Creighton,region2,2018,0,-0.8375812696738808,-0.25306328242001846,0.5729701843782267,0.24224978297513897,1.0758852231305416,0.3819446692156831,-0.8218093541130486,0.13633062285315095,-0.8192030991236378,-0.4580547450210787,-0.028795732348754346
3,UCLA,14,American,71,60,UCLA,region2,2018,1,-0.4542071052634297,1.1413670492821246,0.8008560531650211,0.8625254997858784,0.5895261496605702,0.19898399789817997,1.3698434961594508,0.932569766890577,0.5380597906715745,0.8185707305658486,-0.9721674105257515
7,Arizona State,10,Nebraska,73,62,Arizona State,region2,2018,1,-0.4542071052634297,-0.7178733929873995,-0.41783794078175024,-0.8358484867197177,-1.8864836789138242,0.1370868553629052,-0.24778221930184305,-0.3598421375262539,0.39299916583286715,-0.05609115627740432,0.00741251670990681
2,Texas,15,Maine,83,54,Texas,region2,2018,1,0.9259398866141942,1.6061771598495056,1.1872712219774126,1.1283579498476224,0.9653490700691846,0.4019702153300366,0.9893947941226416,1.3334458542447307,0.012057351039043424,0.8627799239132914,-0.6815228167305564
1,Mississippi State,9,Oklahoma State,71,56,Mississippi State,region2,2018,1,-0.14750777373506882,0.44415188343105305,-0.041330853220959356,-1.6333458369049525,0.1252743068028688,0.9699675233007924,-0.5755239223159203,-0.1582227301339879,0.7941233284303366,0.21596541816839784,-0.4701449303340502
5,Maryland,4,NC State,60,74,NC State,region2,2018,0,-0.22418260661715905,-1.1826835035547805,0.9494772719390175,1.0397471331603736,0.5010972272114864,0.23630433383856625,-0.8668498805506557,0.4135573080175167,-1.5243238755135298,0.1588335375347782,1.2061991409493493
11,Creighton,3,UCLA,64,86,UCLA,region2,2018,0,0.38921605643956275,0.44415188343105305,-0.8934258408585388,0.5966930497241336,-1.1348378380965984,-1.1882401965688585,-1.0422204409353812,-1.1190652184877556,-1.272044527967951,-0.8518566365313758,1.9558077565962173
7,Arizona State,2,Texas,65,85,Texas,region2,2018,0,0.2358663906753823,-0.25306328242001846,-1.5968996097221233,-0.9096908339590903,-1.112730607484325,-0.9097030551601226,-0.8045597907965182,-1.589247977133001,0.17856172041912527,-0.8307722520118259,0.9302335670428
1,Mississippi State,4,NC State,71,57,Mississippi State,region2,2018,1,-0.22418260661715905,-0.7178733929873995,1.098098490713014,-0.0974250143259807,0.6337406108851136,1.0773772706414162,-0.583190394901045,0.6789703560299921,-0.407987762624345,0.6893438577040932,0.19530397128457877
3,UCLA,2,Texas,84,75,UCLA,region2,2018,1,-0.6075567710276102,-1.1826835035547805,-0.8339773533489409,-0.06788807543022975,0.05895261496605838,-0.7358449048036892,-0.45381867002706694,-0.8418385333233896,-0.3159058007702086,-0.4804994124128563,0.7237486872758431
1,Mississippi State,3,UCLA,89,73,Mississippi State,region2,2018,1,-0.0708329408529786,-0.95027844827109,0.2360954218238339,-1.027838589542089,0.3242393823133127,0.8589167675757409,-0.9722638785961192,-0.09915454437453496,0.023409921678594216,0.08877896961498502,0.13952369570772305
1,Louisville,16,Boise State,74,42,Louisville,region3,2018,1,1.1559643852604649,2.070987270416887,0.503613615617028,-0.6733953227930943,-0.1842269217689289,0.8844038262667365,0.7891081978362611,0.7498521789413356,1.2721926920292081,1.6299794638504537,-0.4760165382895089
8,Marquette,9,Dayton,84,65,Marquette,region3,2018,1,0.15919155779329205,-1.1826835035547805,0.364900478094632,1.3055795832221198,0.5232044578237566,-0.4664102843560229,0.30707873404655084,0.33401215119478694,-0.8229872893368213,0.1051023640817328,0.47224814651703756
5,Missouri,12,Florida Gulf Coast,70,80,Florida Gulf Coast,region3,2018,0,-0.53088193814552,0.21174682814736254,-1.1510359534001338,0.10933355794426651,-1.0021944544229713,-1.1254328019374769,0.7603589256420437,-0.5992651838045698,0.5834700732297788,0.044569776267541786,0.2853352932682751
4,Stanford,13,Gonzaga,82,68,Stanford,region3,2018,1,-0.22418260661715905,0.6765569387147435,-0.6754480533233437,0.49331376358900997,0.7000623027219272,-0.9188055761211924,0.8858974142234591,-0.17397424633650865,0.1243216606968257,0.2526930557185801,0.11114425725634042
6,Oregon State,11,Western Kentucky,82,58,Oregon State,region3,2018,1,0.5425657222037432,-0.25306328242001846,-0.5862753220589466,-0.6586268533452204,-0.31687030544255607,-0.13234776508476098,0.5648638747213661,-0.29132304204528836,1.027481724909997,-0.14246911866394815,-0.7539393148478779
3,Tennessee,14,Liberty,100,60,Tennessee,region3,2018,1,1.7693630483171867,1.1413670492821246,0.9593853531906168,1.3941903999093683,1.363279221090069,0.020574587061211753,1.461841167180946,1.179868571270153,0.1129690900572748,0.8246920034908795,-0.8439706368315749
7,Michigan,10,Northern Colorado,75,61,Michigan,region3,2018,1,-0.22418260661715905,-0.7178733929873995,0.14692269055943682,-0.1860358310132283,0.3242393823133127,0.24813761108795693,0.26012158946266256,0.21902608291638512,0.28704183986372395,0.31798663358557316,-0.2665958545448226
2,Baylor,15,Grambling,96,46,Baylor,region3,2018,1,2.536111377138089,1.6061771598495056,1.6331348782994008,-1.736725123040076,-0.9137655319738844,2.5683702040646508,1.6094207644445948,1.8989252859152272,2.589090886217128,2.1700117641253707,-2.3030652137630097
1,Louisville,8,Marquette,90,72,Louisville,region3,2018,1,0.08251672491120184,0.21174682814736254,-0.6655399720717444,-2.002557573101821,-0.8032293789125274,0.626802483068461,-0.1778256569625809,-0.6551830663235185,1.6354749524948413,-0.19279958493642121,-0.9878250317403079
12,Florida Gulf Coast,4,Stanford,70,90,Stanford,region3,2018,0,0.2358663906753823,0.44415188343105305,0.6225105906362255,-0.3189520560441018,-0.6042643034020836,0.7551480286195451,-2.6512213747384097,-0.5370466948046125,-1.8585940110114212,-0.8674998895620096,1.7219220397037873
6,Oregon State,3,Tennessee,66,59,Oregon State,region3,2018,1,-0.7609064367917906,-0.7178733929873995,-0.814161190845741,-0.7767746089282179,-1.6654113727911102,-0.26160356273195223,-0.659855120752291,-0.8709788382980534,0.1167532802704585,-0.31182433625645967,0.7579997336826844
7,Michigan,2,Baylor,58,80,Baylor,region3,2018,0,0.38921605643956275,-0.25306328242001846,-1.4284622284449255,0.965904785921001,-0.33897753605482933,-1.903698344108945,-0.9042239344031381,-1.524666760702666,-1.4335033103971215,-1.2973492771863766,1.8814340558270763
1,Louisville,4,Stanford,86,59,Louisville,region3,2018,1,0.7725902208500138,-0.7178733929873995,0.47388937186222896,-0.8063115478239679,-0.2505486136057425,0.9317369352642995,-0.8275592085518919,0.0906512258658408,0.009534557563587917,0.29418168332156536,0.25989165879462184
6,Oregon State,2,Baylor,72,67,Oregon State,region3,2018,1,-0.9142561025559711,-0.485468337703709,-1.6563480972317213,0.43423988579751016,-1.1790522993211419,-1.78172456323061,-0.6042731945101375,-1.523091609082414,-0.8721817621082092,-1.1742436772496518,1.4811861135299886
1,Louisville,6,Oregon State,76,43,Louisville,region3,2018,1,1.2326392181425552,-0.25306328242001846,0.08747420304983876,-0.24510970880472704,0.47898999659921315,0.23357357755024538,-0.3493629810547442,-0.03221060051382137,-0.13174187706193616,-0.03432663032174061,0.04851377239811643
1,Notre Dame,16,Cal State Northridge,99,81,Notre Dame,region4,2018,1,0.08251672491120184,2.070987270416887,1.6529510408026005,0.5080822330368839,1.4959226047636993,1.2048125640963938,1.3755933505982942,2.020999536484763,0.2567683181582546,2.163210349764226,-0.5278824085627257
8,South Dakota State,9,Villanova,74,81,Villanova,region4,2018,0,-0.7609064367917906,-1.1826835035547805,0.741407565655423,0.19794437463151518,1.0316707619059982,0.5585335758604373,-1.2242991648320907,0.029220312676009573,-0.9201148381418692,-0.7804417857393529,-0.016073915111926664
5,DePaul,12,Oklahoma,90,79,DePaul,region4,2018,1,-0.4542071052634297,0.21174682814736254,0.364900478094632,-0.25987817825260306,-1.3559101442193124,0.4939056770368416,-1.279881091074244,-0.10545515085554315,-0.8797501425345766,-0.0717344093080382,1.0006928625083018
4,Texas A&M,13,Drake,89,76,Texas A&M,region4,2018,1,-0.30085743949924926,0.6765569387147435,-0.7844369470909419,0.1831759051836392,-1.0464089156475116,-0.836882887471564,0.7689837073003088,-0.3929203215515474,0.6705064481330033,-0.038407478938427796,-0.19907236305705014
6,LSU,11,Central Michigan,69,78,Central Michigan,region4,2018,0,-0.6075567710276102,-0.25306328242001846,-1.9040501285217155,-1.3232079784995827,-1.4664462972806693,-0.9297286012744759,-0.07911982242910147,-1.404955237563508,0.953059317384051,-1.1443174540606138,-0.547454435080921
3,Ohio State,14,George Washington,87,45,Ohio State,region4,2018,1,1.9227127140813671,1.1413670492821246,2.187987428388989,1.8815498916892344,1.0979924537428147,0.8479937424224572,0.29462071609572343,1.8752980116114457,-1.4890047668571484,1.0144514641668259,0.05047097504993624
7,Green Bay,10,Minnesota,77,89,Minnesota,region4,2018,0,-0.3775322723813395,-0.7178733929873995,-2.231016809824509,-4.025837887460661,-1.2895884523824988,0.4274572740210321,-1.2281324011246533,-2.1822925621579086,2.4225865168370464,-1.0429763800795528,-0.9447665734002785
2,Oregon,15,Seattle,88,45,Oregon,region4,2018,1,1.9993875469634574,1.6061771598495056,1.088190409461415,-0.7029322616888442,-0.5600498421775402,1.4396576048919945,1.2050143355792713,1.2507503941814966,1.5358246102143376,1.8979551896795686,-1.0788349550499146
1,Notre Dame,9,Villanova,98,72,Notre Dame,region4,2018,1,0.6959153879679236,0.44415188343105305,1.425065172015806,1.0249786637124998,2.557069674152726,0.6805073567387727,0.33486969716762766,1.2019206939536822,-0.5871060993817055,0.44177237495841315,-0.6208495345241515
5,DePaul,4,Texas A&M,79,80,Texas A&M,region4,2018,0,-1.220955434084332,-1.1826835035547805,0.19646309681743565,0.3603975385581365,0.6116333802728434,-0.03859179918574202,-0.8591834079655309,-0.15743515432386174,-0.97940048481508,-0.5866014764467192,0.5427074419825394
11,Central Michigan,3,Ohio State,95,78,Central Michigan,region4,2018,1,0.0058418920291116155,0.44415188343105305,-0.5862753220589466,-0.023582667086605946,0.16948876802741222,-0.5201151580263349,-1.366128907656896,-1.0970130958042266,-0.9516497565850665,-0.9688409635430706,1.468464296293162
10,Minnesota,2,Oregon,73,101,Oregon,region4,2018,0,0.849265053732104,0.44415188343105305,-0.07105509697575838,1.674791319418988,0.03684538435378509,-1.0981252390542675,-1.0872609673729883,-0.41654759585532863,-2.3366633746102923,-1.2776251755390564,1.5193515652404692
1,Notre Dame,4,Texas A&M,90,84,Notre Dame,region4,2018,1,-0.8375812696738808,-0.7178733929873995,0.4144408843526295,-0.08265654487810575,1.1864213761918985,0.43747004707820886,-0.0944527675993508,0.3048718462201234,-0.05227388258507906,0.09694066684835843,-0.2313662068120717
11,Central Michigan,2,Oregon,69,83,Oregon,region4,2018,0,-0.22418260661715905,0.6765569387147435,-0.32866520951735323,1.0840525415039985,0.6116333802728403,-0.9688694414070763,-1.4581265786783915,-0.8812173238296919,-2.044019331457421,-1.3395180462254763,1.9058990889748204
1,Notre Dame,2,Oregon,84,74,Notre Dame,region4,2018,1,-0.53088193814552,-1.1826835035547805,-0.05123893447255997,0.6409984580677563,1.584351527212783,-0.4409232256650275,-0.1816588932551433,-0.026697569842939212,-0.8570450012554744,-0.3818789041762528,0.4898629703834137
1,UConn,1,Notre Dame,89,91,Notre Dame,final four,2018,0,-1.1442806012022417,-1.415088558838471,0.10729036555303859,-2.1059368592369445,-1.1348378380965984,1.3968757563749663,-1.0930108218118317,-0.3732309262983964,1.047664072713643,-0.21388396945597105,-0.752960713521968
1,Mississippi State,1,Louisville,73,63,Mississippi State,final four,2018,1,-0.53088193814552,-1.415088558838471,0.11719844680463638,-0.08265654487810575,0.3242393823133127,0.15347139309283067,-0.7786854458217225,-0.14010848650108898,-0.633777778677638,-0.20232156504202337,0.5368358340270813
1,Notre Dame,1,Mississippi State,61,58,Notre Dame,championship,2018,1,-1.0676057683201514,-1.415088558838471,0.07756612179823816,1.704328258314738,0.6116333802728434,-0.9797924665603599,-0.03599591413777567,0.016619099713993005,-1.4789135929553254,-0.36963635832619224,1.145525858742945
