seed1,team1,seed2,team2,score1,score2,winner,region,year,team1_win,PPG_diff,PPG_Allowed_diff,Pace_diff,MOV_diff,SOS_diff,OSRS_diff,DSRS_diff,Adj_ORtg_diff,Adj_DRtg_diff
1,South Carolina,16,Presbyterian,91,39,South Carolina,region1,2024,1,27.800000000000004,-2.299999999999997,6.3999999999999915,30.25,27.5,40.96,19.92,45.33,-35.29
8,UNC,9,Michigan State,59,56,UNC,region1,2024,1,-15,-4.5,-3.5999999999999943,-10.5,4.779999999999999,-11.129999999999999,5.3999999999999995,-11.810000000000002,-5.1200000000000045
5,Oklahoma,12,Florida Gulf Coast,73,70,Oklahoma,region1,2024,1,1.5999999999999943,14.099999999999994,8.700000000000003,-12.490000000000002,18.46,12.169999999999998,-3.0500000000000007,1.6099999999999994,-7.859999999999999
4,Indiana,13,Fairfield,89,56,Indiana,region1,2024,1,7,9.200000000000003,1.2000000000000028,-2.17,24.48,15.150000000000002,9.33,21.41000000000001,-11.64
6,Nebraska,11,Texas A&M,61,59,Nebraska,region1,2024,1,4,5.5,-0.5,-1.4600000000000009,3.040000000000001,4.71,-3.129999999999999,5.700000000000003,3.1400000000000006
3,Oregon State,14,Eastern Washington,73,51,Oregon State,region1,2024,1,2.6000000000000085,3.6999999999999957,-0.8999999999999915,-1.0299999999999994,20.07,11.92,8.629999999999999,18.040000000000006,-9.5
7,Ole Miss,10,Marquette,67,55,Ole Miss,region1,2024,1,-1.0999999999999943,-0.10000000000000142,0.20000000000000284,-1.0100000000000016,3.34,-1.2399999999999993,3.5700000000000003,-0.4199999999999875,-3.8499999999999943
2,Notre Dame,15,Kent State,81,67,Notre Dame,region1,2024,1,6.799999999999997,-1.6999999999999957,3.700000000000003,8.510000000000002,15.39,14.36,13.68,13.030000000000001,-23.159999999999997
1,South Carolina,8,UNC,88,41,South Carolina,region1,2024,1,17.60000000000001,-5.899999999999999,3.6999999999999886,23.62,0.6800000000000015,17.240000000000002,7.070000000000002,18.680000000000007,-12.29
5,Oklahoma,4,Indiana,68,75,Indiana,region1,2024,0,-3,4.699999999999989,5.8999999999999915,-7.7700000000000005,1.4699999999999989,0.3299999999999983,-6.620000000000001,-9.680000000000007,-0.5100000000000051
6,Nebraska,3,Oregon State,51,61,Oregon State,region1,2024,0,1.5,4.400000000000006,2.799999999999997,-2.9700000000000006,-2.120000000000001,-1.0999999999999996,-4,-3.739999999999995,3.25
7,Ole Miss,2,Notre Dame,56,71,Notre Dame,region1,2024,0,-10.099999999999994,-1.7000000000000028,-4.1000000000000085,-8.390000000000002,-2.5500000000000007,-11.45,0.5,-7.799999999999997,5.680000000000007
1,South Carolina,4,Indiana,79,75,South Carolina,region1,2024,1,5.900000000000006,-7.800000000000004,2.6999999999999886,13.76,1.9900000000000002,8.73,7.040000000000001,6.159999999999997,-13.580000000000005
3,Oregon State,2,Notre Dame,70,65,Oregon State,region1,2024,1,-7.699999999999989,-1.3000000000000043,-6.700000000000003,-6.340000000000002,2.0200000000000014,-5.709999999999999,1.3900000000000006,1.4099999999999966,5.420000000000002
1,South Carolina,3,Oregon State,70,58,South Carolina,region1,2024,1,14.5,-3.1999999999999957,6.3999999999999915,17.72,-0.39000000000000057,13.230000000000002,4.100000000000001,10.780000000000001,-10.300000000000004
1,Iowa,16,Holy Cross,91,65,Iowa,region2,2024,1,28.1,15.000000000000007,10.400000000000006,13.040000000000003,26.47,38.419999999999995,2.1500000000000004,38.41,-14.950000000000003
8,West Virginia,9,Princeton,63,53,West Virginia,region2,2024,1,4.5,1.5999999999999943,7.299999999999997,2.879999999999999,7.54,7.089999999999999,3.33,1.7199999999999989,-9.670000000000002
5,Colorado,12,Drake,86,72,Colorado,region2,2024,1,-6,-5.700000000000003,-4.099999999999994,-0.2900000000000009,15.900000000000002,3.3200000000000003,12.29,8.63000000000001,-13.13000000000001
4,Kansas State,13,Portland,78,65,Kansas State,region2,2024,1,3.799999999999997,-4.5,-1.2999999999999972,8.24,10.65,9.03,12.010000000000002,15.519999999999996,-12.829999999999998
6,Louisville,11,Middle Tennessee,69,71,Middle Tennessee,region2,2024,0,2,7.799999999999997,5.199999999999989,-5.77,13.610000000000001,8.8,-0.9599999999999991,5.36999999999999,-3.3400000000000034
3,LSU,14,Rice,70,60,LSU,region2,2024,1,18.700000000000003,0.29999999999999716,6.800000000000011,18.439999999999998,7.640000000000001,22.98,3.0999999999999996,20.549999999999997,-11.189999999999998
7,Creighton,10,UNLV,87,73,Creighton,region2,2024,1,-5.599999999999994,3.6999999999999957,-2.3999999999999915,-9.379999999999999,12.87,1.0099999999999998,2.4700000000000006,3.430000000000007,-0.980000000000004
2,UCLA,15,California Baptist,84,55,UCLA,region2,2024,1,-3,-10.199999999999996,-6.700000000000003,7.18,23.490000000000002,7.699999999999999,22.98,20.5,-22.010000000000005
1,Iowa,8,West Virginia,64,54,Iowa,region2,2024,1,17.299999999999997,14.100000000000009,3.700000000000003,3.2500000000000018,6.279999999999999,19.189999999999998,-9.66,18.299999999999997,6.340000000000003
5,Colorado,4,Kansas State,63,50,Colorado,region2,2024,1,3.5,6.399999999999999,0.29999999999999716,-2.8000000000000007,3.2500000000000018,5.9,-5.440000000000001,6.230000000000004,5.279999999999987
11,Middle Tennessee,3,LSU,56,83,LSU,region2,2024,0,-14.5,-7.799999999999997,-11.5,-6.73,-10.590000000000002,-20.330000000000002,3.01,-10.129999999999995,8.11
7,Creighton,2,UCLA,63,67,UCLA,region2,2024,0,-3.8999999999999915,1.6999999999999957,-3.5999999999999943,-5.59,-5.290000000000001,-4.519999999999998,-6.359999999999999,-1.8499999999999943,12.170000000000002
1,Iowa,5,Colorado,89,68,Iowa,region2,2024,1,15.799999999999997,7.6000000000000085,5.200000000000003,8.160000000000002,0.2799999999999976,14.979999999999997,-6.539999999999999,12.559999999999988,2.990000000000009
3,LSU,2,UCLA,78,69,LSU,region2,2024,1,8.600000000000009,2.1999999999999957,6.400000000000006,6.41,-6.359999999999999,6.470000000000002,-6.42,-0.01999999999999602,3.1099999999999994
1,Iowa,3,LSU,94,87,Iowa,region2,2024,1,5.099999999999994,8.600000000000009,-1.2000000000000028,-3.4899999999999984,6.489999999999998,7.019999999999996,-4.02,9.849999999999994,4.400000000000006
1,USC,16,Texas A&M-Corpus Christi,87,55,USC,region3,2024,1,8.100000000000009,4.600000000000001,-1.6999999999999886,3.5199999999999996,24.41,20.27,12.27,28.439999999999998,-16.150000000000006
8,Kansas,9,Michigan,81,72,Kansas,region3,2024,1,-1.7999999999999972,0,-0.5,-1.83,3.0700000000000003,1.8499999999999996,-0.6099999999999994,3.200000000000003,0.6099999999999994
5,Baylor,12,Vanderbilt,80,63,Baylor,region3,2024,1,6.299999999999997,-1.8999999999999986,3.3000000000000114,8.23,3.59,8.84,2.9800000000000004,7.140000000000001,-8.58999999999999
4,Virginia Tech,13,Marshall,92,49,Virginia Tech,region3,2024,1,-10.099999999999994,-10.099999999999994,-11.699999999999989,0,14.21,-1.5100000000000016,18.88,13.759999999999991,-11.730000000000004
6,Syracuse,11,Arizona,74,69,Syracuse,region3,2024,1,4.099999999999994,-0.09999999999999432,1.5,4.25,-5.830000000000002,0.5599999999999987,-2.129999999999999,2.4099999999999966,5.320000000000007
3,UConn,14,Jackson State,86,64,UConn,region3,2024,1,8.299999999999997,-0.29999999999999716,-0.29999999999999716,8.58,21.17,20.24,12.65,24.989999999999995,-19.22
7,Duke,10,Richmond,72,61,Duke,region3,2024,1,-4.8999999999999915,-3.1000000000000014,0.7999999999999972,-1.7699999999999996,15.370000000000001,0.20999999999999908,13.4,-0.5499999999999972,-17.78
2,Ohio State,15,Maine,80,57,Ohio State,region3,2024,1,15.200000000000003,7,8.800000000000011,8.25,20.740000000000002,20.61,8.1,19.629999999999995,-18.150000000000006
1,USC,8,Kansas,73,55,USC,region3,2024,1,6.700000000000003,-1.7999999999999972,1.5,8.55,1.3200000000000003,7.26,2.5999999999999996,6.510000000000005,-6.960000000000008
5,Baylor,4,Virginia Tech,75,72,Baylor,region3,2024,1,-0.4000000000000057,-1.3000000000000043,5,0.9000000000000004,0.4599999999999991,0.8599999999999994,0.5,-6.840000000000003,-7.86999999999999
6,Syracuse,3,UConn,64,72,UConn,region3,2024,0,-5.700000000000003,8.5,0.29999999999999716,-14.120000000000001,-5.280000000000001,-8.89,-9.08,-11.239999999999995,14.170000000000002
7,Duke,2,Ohio State,75,63,Duke,region3,2024,1,-11.099999999999994,-6.100000000000001,-4.800000000000011,-4.99,0.48999999999999844,-9.190000000000001,4.970000000000001,-8.049999999999997,-2.9399999999999977
1,USC,5,Baylor,74,70,USC,region3,2024,1,0.10000000000000853,2.1000000000000014,-3.5,-1.950000000000001,3.9200000000000017,1.6400000000000006,0.3200000000000003,5.88000000000001,2.2099999999999937
3,UConn,7,Duke,53,45,UConn,region3,2024,1,11.5,-0.6999999999999957,2.3000000000000114,12.14,-0.629999999999999,12.07,-1.9900000000000002,12.959999999999994,-1.3100000000000023
1,USC,3,UConn,73,80,UConn,region3,2024,0,-4.799999999999997,5.299999999999997,-1,-10.030000000000001,1.1600000000000001,-4.300000000000001,-3.1500000000000004,-4.679999999999993,5.359999999999999
1,Texas,16,Drexel,82,42,Texas,region4,2024,1,22.89999999999999,1.8000000000000043,7.799999999999997,21.1,17.150000000000002,30.62,8.32,31.11999999999999,-21.83
8,Alabama,9,Florida State,82,74,Alabama,region4,2024,1,-5.400000000000006,-9.299999999999997,-5.200000000000003,3.88,-1.9499999999999993,-6.9,8.83,0.8599999999999994,-2.5799999999999983
5,Utah,12,South Dakota State,68,54,Utah,region4,2024,1,3.8000000000000114,1.7999999999999972,0.6000000000000085,1.9600000000000009,14.99,12.64,2.869999999999999,15.209999999999994,-4.799999999999997
4,Gonzaga,13,UC-Irvine,75,56,Gonzaga,region4,2024,1,17,4.599999999999994,1,12.360000000000003,11.1,21.299999999999997,2.1500000000000004,28.03,-4.510000000000005
6,Tennessee,11,Green Bay,92,63,Tennessee,region4,2024,1,2.3999999999999915,11.600000000000001,7.3999999999999915,-9.16,18.779999999999998,11.740000000000002,-1.4100000000000001,3.9000000000000057,-6.75
3,NC State,14,Chattanooga,64,45,NC State,region4,2024,1,9.200000000000003,6.200000000000003,7.700000000000003,2.950000000000001,23.06,21.26,6.3500000000000005,15.569999999999993,-19.22
7,Iowa State,10,Maryland,93,86,Iowa State,region4,2024,1,-2.5,-4.200000000000003,-4.1000000000000085,1.6000000000000005,-1.2699999999999996,-2.1899999999999977,2.5300000000000002,2.7299999999999898,1.5499999999999972
2,Stanford,15,Norfolk State,79,50,Stanford,region4,2024,1,10.5,6.899999999999999,0,3.5599999999999987,27.73,23.19,9.42,29.39,-15.530000000000001
1,Texas,8,Alabama,65,54,Texas,region4,2024,1,7,-4.5,0.20000000000000284,11.480000000000002,3.210000000000001,9.24,5.449999999999999,11.14,-8.89
5,Utah,4,Gonzaga,66,77,Gonzaga,region4,2024,0,-2.5999999999999943,1.7000000000000028,1.4000000000000057,-4.290000000000001,8.82,0.10000000000000142,2.289999999999999,-2.5600000000000023,-4.439999999999998
6,Tennessee,3,NC State,72,79,NC State,region4,2024,0,2.8999999999999915,9,2.3999999999999915,-6.130000000000001,0.2699999999999996,1.6099999999999994,-7.470000000000001,1.0200000000000102,9.150000000000006
7,Iowa State,2,Stanford,81,87,Stanford,region4,2024,0,-2.0999999999999943,9.099999999999994,3.3999999999999915,-11.229999999999999,0.2699999999999996,-4.27,-6.6899999999999995,-8.11,8.230000000000004
1,Texas,4,Gonzaga,69,47,Texas,region4,2024,1,0.09999999999999432,-2.5999999999999943,3.200000000000003,2.75,7.410000000000001,3.1700000000000017,7,-0.010000000000005116,-12.530000000000001
3,NC State,2,Stanford,77,67,NC State,region4,2024,1,-4.099999999999994,0.7000000000000028,3,-4.759999999999998,1.2699999999999996,-4.359999999999999,0.870000000000001,-9.420000000000002,-2.8499999999999943
1,Texas,3,NC State,66,76,NC State,region4,2024,0,6.699999999999989,-3,-0.20000000000000284,9.71,-3.6499999999999986,4.879999999999999,1.1799999999999997,7.950000000000003,-1.1099999999999994
1,South Carolina,3,NC State,78,59,South Carolina,final four,2024,1,12,-4.100000000000001,2.3999999999999915,16.18,-1.3299999999999983,10.5,4.360000000000001,11.960000000000008,-6.990000000000002
1,Iowa,3,UConn,71,69,Iowa,final four,2024,1,11.299999999999997,14.700000000000003,5.299999999999997,-3.3599999999999994,1.3299999999999983,10.639999999999997,-11.24,6.549999999999997,9.730000000000004
1,South Carolina,1,Iowa,87,75,South Carolina,championship,2024,1,-5.599999999999994,-15.300000000000004,-2.6000000000000085,9.79,-1.5799999999999983,-5.969999999999995,14.190000000000001,-3.039999999999992,-14.080000000000005
1,South Carolina,16,Norfolk State,72,40,South Carolina,region1,2023,1,18.400000000000006,3.5,-1.1000000000000085,14.98,27.67,29.330000000000002,14.650000000000002,31.930000000000007,-25.369999999999997
8,South Florida,9,Marquette,67,65,South Florida,region1,2023,1,-5.3999999999999915,0.7000000000000028,-0.6999999999999886,-6.130000000000001,-5.92,-9.59,-2.459999999999999,-7.47999999999999,8.900000000000006
5,Oklahoma,12,Portland,85,63,Oklahoma,region1,2023,1,8.599999999999994,6.699999999999996,9.5,1.8600000000000003,12.08,15.54,0.5599999999999996,15.429999999999993,-5.570000000000007
4,UCLA,13,Sacramento State,67,45,UCLA,region1,2023,1,20.599999999999994,-5.800000000000004,5.1000000000000085,26.34,20.16,28.31,18.19,35.019999999999996,-29.39
6,Creighton,11,Mississippi State,66,81,Mississippi State,region1,2023,0,-2.1999999999999886,-3,-4.299999999999997,0.7300000000000004,2.34,-0.14999999999999858,3.21,3.2900000000000063,-2.030000000000001
3,Notre Dame,14,Southern Utah,82,56,Notre Dame,region1,2023,1,12.899999999999991,-12.499999999999993,0.5,25.380000000000003,18.59,22.779999999999998,21.96,22.64,-36.709999999999994
7,Arizona,10,West Virginia,75,62,Arizona,region1,2023,1,-3.799999999999997,8,0,-11.76,5.500000000000002,-0.8999999999999986,-5.370000000000001,-1.8999999999999915,5.459999999999994
2,Maryland,15,Holy Cross,93,61,Maryland,region1,2023,1,15.000000000000007,16.4,9.299999999999997,-1.42,26.49,24.23,1.8899999999999997,21.99000000000001,-12.510000000000005
1,South Carolina,8,South Florida,76,45,South Carolina,region1,2023,1,21.200000000000003,-3.6000000000000014,1.6999999999999886,24.89,13.440000000000001,27.32,11.020000000000001,27.049999999999997,-23.31000000000001
5,Oklahoma,4,UCLA,73,82,UCLA,region1,2023,0,-0.7999999999999972,7.999999999999993,9.799999999999997,-8.82,-1.9700000000000006,-0.879999999999999,-9.91,-9.049999999999997,6.5
11,Mississippi State,3,Notre Dame,48,53,Notre Dame,region1,2023,0,-3,4.699999999999996,-0.4000000000000057,-7.650000000000002,-4.550000000000001,-4.369999999999999,-7.829999999999999,0.2599999999999909,15.89
7,Arizona,2,Maryland,64,77,Maryland,region1,2023,0,-8,-7.5,-3.0999999999999943,-0.5499999999999998,-0.7999999999999972,-5.899999999999999,4.55,-3.780000000000001,-3.3200000000000074
1,South Carolina,4,UCLA,59,43,South Carolina,region1,2023,1,8.100000000000009,-4.5,0.3999999999999915,12.71,-1.4499999999999993,7.520000000000003,3.7500000000000018,6.790000000000006,-6.57
3,Notre Dame,2,Maryland,59,76,Maryland,region1,2023,0,0.6999999999999886,-12.199999999999996,-3.5999999999999943,12.870000000000001,-3.2299999999999986,0.6999999999999993,8.96,1.1899999999999977,-11.64
1,South Carolina,2,Maryland,86,75,South Carolina,region1,2023,1,7.5,-16.699999999999996,-5.700000000000003,24.25,-1.5999999999999979,8.220000000000002,14.450000000000003,13.379999999999995,-16.520000000000003
1,Indiana,16,Tennessee Tech,77,47,Indiana,region2,2023,1,9.599999999999994,-2.5,3.6999999999999886,12.100000000000001,21.4,18.41,17.91,27.39,-22.039999999999992
8,Oklahoma State,9,Miami (FL),61,62,Miami (FL),region2,2023,0,2.4000000000000057,6.000000000000007,1.0999999999999943,-3.7600000000000002,3.360000000000001,3.6899999999999995,-4.09,2.9099999999999966,3.760000000000005
5,Washington State,12,Florida Gulf Coast,63,74,Florida Gulf Coast,region2,2023,0,-5.800000000000011,6.799999999999997,-1.3000000000000114,-12.540000000000003,17.18,4.069999999999999,3.719999999999999,2.530000000000001,-6.179999999999993
4,Villanova,13,Cleveland State,76,59,Villanova,region2,2023,1,-9.5,-1.7999999999999972,-5.400000000000006,-7.739999999999999,16.4,-0.20999999999999996,8.86,5.260000000000005,-7.510000000000005
6,Michigan,11,UNLV,71,59,Michigan,region2,2023,1,-9,5.199999999999996,1.2999999999999972,-14.259999999999998,13.73,-5.030000000000001,4.49,-5.829999999999998,-3.6599999999999966
3,LSU,14,Hawaii,73,50,LSU,region2,2023,1,26.400000000000006,7,7.300000000000011,19.36,12.99,30.39,1.9699999999999998,25.590000000000003,-14.740000000000009
7,NC State,10,Princeton,63,64,Princeton,region2,2023,0,4.200000000000003,4.5,4.699999999999989,-0.2599999999999998,13.57,9.810000000000002,3.5,5.019999999999996,-10.420000000000002
2,Utah,15,Gardner-Webb,103,77,Utah,region2,2023,1,15.100000000000009,-14.700000000000003,-0.7999999999999972,29.810000000000002,25.1,23.94,28.82,37.099999999999994,-33.67999999999999
1,Indiana,9,Miami (FL),68,70,Miami (FL),region2,2023,0,12.900000000000006,4.000000000000007,1.1999999999999886,8.84,3.2700000000000014,12.05,0.05000000000000071,14.420000000000002,-1.2999999999999972
12,Florida Gulf Coast,4,Villanova,57,76,Villanova,region2,2023,0,10.100000000000009,-4.600000000000001,2.8000000000000114,14.650000000000002,-14.68,0.1900000000000004,-3.369999999999999,1.2099999999999937,4.420000000000002
6,Michigan,3,LSU,42,66,LSU,region2,2023,0,-15.900000000000006,1,-1.1000000000000085,-16.88,1.9299999999999997,-17.03,2.08,-11.090000000000003,6.38000000000001
10,Princeton,2,Utah,56,63,Utah,region2,2023,0,-8.200000000000003,-5.799999999999997,-6.799999999999997,-2.41,-11.330000000000002,-11.620000000000001,0.030000000000001137,-10.420000000000002,3.4399999999999977
9,Miami (FL),4,Villanova,70,65,Miami (FL),region2,2023,1,1.7999999999999972,0.7999999999999972,4.300000000000011,1.0899999999999999,-0.9600000000000009,-0.019999999999999574,0.15000000000000036,-1.9200000000000017,-1.6299999999999955
3,LSU,2,Utah,66,63,LSU,region2,2023,1,8.5,1.2999999999999972,-0.7999999999999972,7.209999999999999,-4,7.640000000000001,-2.2799999999999994,-0.25,-4.290000000000006
9,Miami (FL),3,LSU,42,54,LSU,region2,2023,0,-19.30000000000001,-2.8999999999999986,-2,-16.3,-0.3500000000000014,-19.73,3.08,-13.769999999999996,5.200000000000003
1,Virginia Tech,16,Chattanooga,58,33,Virginia Tech,region3,2023,1,11,7.200000000000003,4.400000000000006,3.7200000000000006,18.76,20.29,3.79,20.299999999999997,-10.840000000000003
8,USC,9,South Dakota State,57,62,South Dakota State,region3,2023,0,1.3000000000000114,2.299999999999997,-4.099999999999994,-0.9900000000000002,17.310000000000002,12.36,4.66,13.579999999999998,-9.060000000000002
5,Iowa State,12,Toledo,73,80,Toledo,region3,2023,0,2.700000000000003,8.999999999999993,2.6000000000000085,-6.379999999999999,17.11,9.71,1.9100000000000001,11.629999999999995,-3.1200000000000045
4,Tennessee,13,Saint Louis,95,50,Tennessee,region3,2023,1,4.200000000000003,-0.29999999999999716,-0.7000000000000028,4.53,14.829999999999998,10.510000000000002,11.98,14.490000000000009,-14.670000000000002
6,UNC,11,St. John's (NY),61,59,UNC,region3,2023,1,7.399999999999999,4.299999999999997,7.299999999999997,3.0599999999999996,8.379999999999999,9.459999999999999,1.9799999999999986,5.269999999999996,-9.5
3,Ohio State,14,James Madison,80,66,Ohio State,region3,2023,1,7,-2.5,5.900000000000006,9.540000000000001,15.560000000000002,13.950000000000001,12.85,19.950000000000003,-15.950000000000003
7,Baylor,10,Alabama,78,74,Baylor,region3,2023,1,1.7000000000000028,-1.8000000000000043,3.6999999999999886,3.4400000000000013,3.0199999999999996,4.249999999999998,2.209999999999999,1.0799999999999983,-7.269999999999996
2,UConn,15,Vermont,95,52,UConn,region3,2023,1,20.300000000000004,4.400000000000006,8,15.870000000000001,22.87,28.47,9.09,26.439999999999998,-23.960000000000008
1,Virginia Tech,9,South Dakota State,72,60,Virginia Tech,region3,2023,1,1.6000000000000085,1.5,-3,0.0600000000000005,12.93,9.86,3.84,14.539999999999992,-3.4000000000000057
12,Toledo,4,Tennessee,47,94,Tennessee,region3,2023,0,-3.5999999999999943,-9.600000000000001,-3.700000000000003,6.039999999999999,-18.38,-11.23,-2,-11.340000000000003,5.049999999999997
6,UNC,3,Ohio State,69,71,Ohio State,region3,2023,0,-11.5,-1.5,-4,-10.040000000000001,-1.070000000000002,-9.690000000000001,-1.1400000000000006,-10.260000000000005,3.6899999999999977
7,Baylor,2,UConn,58,77,UConn,region3,2023,0,-4.900000000000006,3.1999999999999957,1.0999999999999943,-8.08,-2.7600000000000016,-5.940000000000001,-3.4700000000000006,-10.560000000000002,3.1500000000000057
1,Virginia Tech,4,Tennessee,73,64,Virginia Tech,region3,2023,1,-1.0999999999999943,-8,-4.799999999999997,6.9,-4.5699999999999985,-2.580000000000002,4.91,3.7099999999999937,-0.7700000000000102
3,Ohio State,2,UConn,73,61,Ohio State,region3,2023,1,-0.4000000000000057,6.799999999999997,4.700000000000003,-7.15,0.14000000000000057,-2.879999999999999,-2.9800000000000004,-4.909999999999997,4.25
1,Virginia Tech,3,Ohio State,84,74,Virginia Tech,region3,2023,1,-4.099999999999994,-2.299999999999997,-7.700000000000003,-1.83,-3.360000000000001,-3.9200000000000017,-0.9900000000000002,1.1899999999999977,6.769999999999996
1,Stanford,16,Sacred Heart,92,49,Stanford,region4,2023,1,11.599999999999994,3.6000000000000014,-2.5,7.9399999999999995,32.14,25.16,16.29,34.519999999999996,-23.78
8,Ole Miss,9,Gonzaga,71,48,Ole Miss,region4,2023,1,-11.5,-0.8999999999999986,2.5,-10.550000000000002,5.55,-10.18,5.1899999999999995,-15.989999999999995,-7.849999999999994
5,Louisville,12,Drake,83,81,Louisville,region4,2023,1,-7.799999999999997,-6.700000000000003,-3.5,-1.1400000000000006,12.71,-0.25,11.82,6.579999999999998,-9.77000000000001
4,Texas,13,East Carolina,79,40,Texas,region4,2023,1,14.5,-5.099999999999994,-0.29999999999999716,19.6,10.360000000000001,18.55,11.42,27.289999999999992,-15.010000000000005
6,Colorado,11,Middle Tennessee,82,60,Colorado,region4,2023,1,3.799999999999997,8.799999999999997,0.7000000000000028,-4.92,16.8,12.370000000000001,-0.4900000000000002,7.420000000000002,-6.700000000000003
3,Duke,14,Iona,89,49,Duke,region4,2023,1,10.600000000000001,-5.300000000000004,0.09999999999999432,15.92,28.1,20.75,23.27,25.58,-35.28
7,Florida State,10,Georgia,54,66,Georgia,region4,2023,0,15.299999999999997,4.599999999999994,6.799999999999997,10.76,-0.33000000000000007,16.01,-5.58,12.299999999999997,-1.8299999999999983
2,Iowa,15,Southeastern Louisiana,95,43,Iowa,region4,2023,1,27.5,13.900000000000006,8.5,13.580000000000002,22.88,38.15,1.9800000000000004,41.64,-10.75
1,Stanford,8,Ole Miss,49,54,Ole Miss,region4,2023,0,9,0.6000000000000014,-0.9000000000000057,8.35,4.24,12.830000000000002,-0.2400000000000002,17.44999999999999,-0.7200000000000131
5,Louisville,4,Texas,73,51,Louisville,region4,2023,1,-6.699999999999989,5.599999999999994,0.09999999999999432,-12.330000000000002,0.4299999999999997,-6.960000000000001,-4.9399999999999995,-7.560000000000002,8.569999999999993
6,Colorado,3,Duke,61,53,Colorado,region4,2023,1,7,6.399999999999999,0.8000000000000114,0.6199999999999992,0.4200000000000017,7.73,-6.690000000000001,6.950000000000003,5.429999999999993
10,Georgia,2,Iowa,66,74,Iowa,region4,2023,0,-27.799999999999997,-5,-5.900000000000006,-22.8,-4.83,-29.939999999999998,2.3099999999999996,-31.349999999999994,5.099999999999994
8,Ole Miss,5,Louisville,62,72,Louisville,region4,2023,0,-4.900000000000006,-3.8999999999999986,-1.7999999999999972,-0.9700000000000006,-2.290000000000001,-6.39,3.129999999999999,-8.419999999999987,-3.8899999999999864
6,Colorado,2,Iowa,77,87,Iowa,region4,2023,0,-15.799999999999997,-7.6000000000000085,-7.299999999999997,-8.160000000000002,-0.2799999999999976,-14.979999999999997,6.539999999999999,-12.559999999999988,-2.990000000000009
5,Louisville,2,Iowa,83,97,Iowa,region4,2023,0,-17.599999999999994,-8.600000000000009,-4.900000000000006,-9.010000000000002,-3.469999999999999,-18.549999999999997,6.07,-14.61,0.36999999999999034
1,Virginia Tech,3,LSU,72,79,LSU,final four,2023,0,-10.700000000000003,-1.5999999999999943,-4.400000000000006,-9.11,1.9399999999999995,-10.420000000000002,3.25,-0.4200000000000017,5.689999999999998
1,South Carolina,2,Iowa,73,77,Iowa,final four,2023,0,-5.599999999999994,-15.300000000000004,-6.6000000000000085,9.79,-1.5799999999999983,-5.969999999999995,14.190000000000001,-3.039999999999992,-14.080000000000005
3,LSU,2,Iowa,102,85,LSU,championship,2023,1,-5.099999999999994,-8.600000000000009,-3.299999999999997,3.4899999999999984,-6.489999999999998,-7.019999999999996,4.02,-9.849999999999994,-4.400000000000006
1,NC State,16,Longwood,96,68,NC State,region1,2022,1,12.400000000000006,-8,-5.700000000000003,20.380000000000003,28.619999999999997,27.450000000000003,24.950000000000003,37.599999999999994,-32.510000000000005
8,Washington State,9,Kansas State,40,50,Kansas State,region1,2022,0,-2.6000000000000085,3.8999999999999986,-3.799999999999997,-6.430000000000001,0.15000000000000036,-1.5899999999999999,-4.6800000000000015,0.8299999999999983,8.939999999999998
5,Notre Dame,12,UMass,89,78,Notre Dame,region1,2022,1,20.599999999999994,-10.100000000000001,4,30.64,13.75,24.589999999999996,19.81,27.790000000000006,-31.590000000000003
4,Oklahoma,13,IU Indianapolis,78,72,Oklahoma,region1,2022,1,12,-6,14.900000000000006,17.990000000000002,18.3,20.41,15.889999999999999,24.299999999999997,-23.39
6,Kentucky,11,Princeton,62,69,Princeton,region1,2022,0,-4.799999999999997,18.200000000000003,3.8999999999999915,-22.97,10.149999999999999,-1.0700000000000003,-11.75,-10.840000000000003,8.539999999999992
3,Indiana,14,Charlotte,85,51,Indiana,region1,2022,1,15,1.4000000000000057,2.700000000000003,13.610000000000001,12.25,17.55,8.3,27.310000000000002,-7.75
7,UCF,10,Florida,69,52,UCF,region1,2022,1,-10.600000000000009,-6.700000000000003,-9.199999999999989,-3.79,0.1899999999999995,-9.670000000000002,5.220000000000001,-8.219999999999999,-1.7299999999999898
2,UConn,15,Mercer,83,38,UConn,region1,2022,1,14.900000000000006,-7.099999999999994,-0.5999999999999943,22.02,21.880000000000003,23.13,19.35,30.379999999999995,-27.700000000000003
1,NC State,9,Kansas State,89,57,NC State,region1,2022,1,1.7000000000000028,2.8000000000000043,-1.2999999999999972,-1.0299999999999994,3.2799999999999994,4.410000000000002,-2.1500000000000004,3.789999999999992,1.1799999999999926
5,Notre Dame,4,Oklahoma,108,64,Notre Dame,region1,2022,1,2.0999999999999943,-7.999999999999993,-8.900000000000006,10.150000000000002,-1.1099999999999994,0.879999999999999,8.17,3.6500000000000057,-8.189999999999998
11,Princeton,3,Indiana,55,56,Indiana,region1,2022,0,-10.299999999999997,-8.200000000000003,-2,-2.16,-10.25,-11.580000000000002,-0.8200000000000003,-10.820000000000007,3.8299999999999983
7,UCF,2,UConn,47,52,UConn,region1,2022,0,-15.600000000000009,7.3999999999999915,-3.799999999999997,-22.91,-4.420000000000002,-17.71,-9.030000000000001,-22.36,14.680000000000007
1,NC State,5,Notre Dame,66,63,NC State,region1,2022,1,-5.199999999999989,-0.3999999999999986,-4,-4.800000000000001,2.959999999999999,-2.979999999999997,1.1300000000000008,0.22999999999998977,2.1099999999999994
3,Indiana,14,Charlotte,85,51,Indiana,region1,2022,1,15,1.4000000000000057,2.700000000000003,13.610000000000001,12.25,17.55,8.3,27.310000000000002,-7.75
1,NC State,2,UConn,87,91,UConn,region1,2022,0,-6.299999999999997,3.5,0.29999999999999716,-9.75,1.0799999999999983,-5.829999999999998,-1.4100000000000001,-8.450000000000003,2.6400000000000006
1,South Carolina,16,Howard,79,21,South Carolina,region2,2022,1,26.500000000000007,-1.1000000000000014,-3.4000000000000057,27.63,25.32,35.08,17.880000000000003,43.870000000000005,-26.15
8,Miami (FL),9,South Florida,78,66,Miami (FL),region2,2022,1,2.3999999999999915,0.19999999999999574,3.9000000000000057,2.29,8.18,6.540000000000001,3.9299999999999997,6.469999999999999,-8.430000000000007
5,UNC,12,Stephen F. Austin,79,66,UNC,region2,2022,1,-7.799999999999997,-6.099999999999994,2.299999999999997,-1.7300000000000004,18.93,4.26,17.04,11.219999999999999,-17.400000000000006
4,Arizona,13,UNLV,72,67,Arizona,region2,2022,1,-9.099999999999994,6.699999999999996,-5.200000000000003,-15.879999999999999,17.51,-1.0700000000000003,2.6799999999999997,-5.089999999999989,-6.52000000000001
6,Georgia,11,Dayton,70,54,Georgia,region2,2022,1,-0.29999999999999716,-2,3.0999999999999943,1.7199999999999998,12.62,5.8,11.879999999999999,7.340000000000003,-15.840000000000003
3,Iowa State,14,UT Arlington,78,71,Iowa State,region2,2022,1,5.5,-2.5,-2,8,19.7,14.320000000000002,13.379999999999999,21.58,-15.019999999999996
7,Colorado,10,Creighton,74,84,Creighton,region2,2022,0,1.7999999999999972,1.5,-0.7000000000000028,0.34999999999999964,5.140000000000002,3.0299999999999994,2.459999999999999,-0.8799999999999955,-7.650000000000006
2,Iowa,15,Illinois State,98,58,Iowa,region2,2022,1,16.700000000000003,3.3000000000000114,10.300000000000011,13.420000000000002,18.849999999999998,27.309999999999995,5.930000000000001,27.919999999999987,-15.659999999999997
1,South Carolina,8,Miami (FL),49,33,South Carolina,region2,2022,1,18.80000000000001,-3.799999999999997,-0.4000000000000057,22.6,5.260000000000002,20.78,7.090000000000002,20.58,-14.880000000000003
5,UNC,4,Arizona,63,45,UNC,region2,2022,1,-2.1000000000000085,-3.299999999999997,6.299999999999997,1.1799999999999997,-1.4800000000000022,-3.120000000000001,2.83,-1.5200000000000102,-0.9099999999999966
6,Georgia,3,Iowa State,44,67,Iowa State,region2,2022,0,-12.200000000000003,-2.1999999999999886,1.0999999999999943,-9.940000000000001,-3.58,-13.560000000000002,0.040000000000000036,-17.659999999999997,1.1099999999999994
10,Creighton,2,Iowa,64,62,Creighton,region2,2022,1,-17.599999999999994,-9.100000000000009,-7.700000000000003,-8.510000000000002,-5.42,-18.009999999999998,4.08,-11.679999999999993,4.659999999999997
1,South Carolina,5,UNC,69,61,South Carolina,region2,2022,1,17.60000000000001,-5.899999999999999,-4.299999999999997,23.62,0.6800000000000015,17.240000000000002,7.070000000000002,18.680000000000007,-12.29
3,Iowa State,10,Creighton,68,76,Creighton,region2,2022,0,2,6.299999999999997,2.700000000000003,-4.35,4.17,1.6300000000000008,-1.8100000000000005,-2.010000000000005,-0.6700000000000017
1,South Carolina,10,Creighton,80,50,South Carolina,region2,2022,1,12,-6.199999999999996,0.7999999999999972,18.3,3.8400000000000016,12.040000000000001,10.110000000000001,8.64,-18.740000000000002
1,Stanford,16,Montana State,78,37,Stanford,region3,2022,1,18.799999999999997,2,1.4000000000000057,16.77,17,26.78,6.999999999999999,35.67,-11.25
8,Kansas,9,Georgia Tech,77,58,Kansas,region3,2022,1,0.5,-2.700000000000003,10.5,3.15,4.57,3.1099999999999994,4.61,7.349999999999994,-4.140000000000001
5,Virginia Tech,12,Florida Gulf Coast,81,84,Florida Gulf Coast,region3,2022,0,0.29999999999999716,6.700000000000003,-0.5,-6.370000000000001,16.01,9.099999999999998,3.6899999999999995,10.219999999999999,-5.560000000000002
4,Maryland,13,Delaware,102,71,Maryland,region3,2022,1,10.5,6.799999999999997,0.7999999999999972,3.67,23.66,17.36,9.96,22.730000000000004,-13.950000000000003
6,Ohio State,11,Missouri State,63,56,Ohio State,region3,2022,1,10,0.3999999999999986,6,9.64,16.900000000000002,17.45,8.81,18.090000000000003,-16.260000000000005
3,LSU,14,Jackson State,83,77,LSU,region3,2022,1,14.5,5.799999999999997,-2.799999999999997,8.709999999999999,16.01,23.86,5.43,21.689999999999998,-13.89
7,Utah,10,Arkansas,92,69,Utah,region3,2022,1,7.900000000000006,-6.799999999999997,-2.200000000000003,14.74,3.370000000000001,9,6.969999999999999,16.959999999999994,-5.069999999999993
2,Texas,15,Fairfield,70,52,Texas,region3,2022,1,7.599999999999994,2.5,3.5,5.120000000000001,24.15,18.26,13.19,23.560000000000002,-19.340000000000003
1,Stanford,8,Kansas,91,65,Stanford,region3,2022,1,9.299999999999997,-4.299999999999997,-6.099999999999994,13.59,-0.030000000000001137,10.090000000000002,3.469999999999999,12.159999999999997,-6.8300000000000125
12,Florida Gulf Coast,4,Maryland,65,89,Maryland,region3,2022,0,-3,-18.299999999999997,-4.200000000000003,15.21,-20.58,-12.349999999999998,3.8400000000000007,-4.070000000000007,4.409999999999997
6,Ohio State,3,LSU,79,64,Ohio State,region3,2022,1,-6.6000000000000085,0.7000000000000028,0.9000000000000057,-7.279999999999999,5.300000000000001,-6.5,4.24,-1.6099999999999994,-1.0799999999999983
7,Utah,2,Texas,56,78,Texas,region3,2022,0,-2.6999999999999886,4.299999999999997,1.7999999999999972,-7.040000000000001,1.4100000000000001,-3.0700000000000003,-4.710000000000001,-2.549999999999997,8.090000000000003
1,Stanford,4,Maryland,72,66,Stanford,region3,2022,1,-0.4000000000000057,-13.299999999999997,-3,12.829999999999998,-1.5399999999999991,2.080000000000002,9.219999999999999,10.83999999999999,-6.680000000000007
6,Ohio State,2,Texas,63,66,Texas,region3,2022,0,-0.7999999999999972,6.299999999999997,5.400000000000006,-7.110000000000001,2.710000000000001,-1.9299999999999997,-2.75,-4.409999999999997,2.719999999999999
1,Stanford,2,Texas,59,50,Stanford,region3,2022,1,-2.5999999999999943,2.299999999999997,0.4000000000000057,-4.950000000000003,2.379999999999999,-0.5199999999999996,-2.0500000000000007,1.4699999999999989,3.9599999999999937
1,Louisville,16,Albany (NY),83,51,Louisville,region4,2022,1,12.500000000000007,12,8.299999999999997,0.4599999999999991,24.740000000000002,22.64,5.19,22.94999999999999,-14.670000000000002
8,Nebraska,9,Gonzaga,55,68,Gonzaga,region4,2022,0,-7.599999999999994,3.9000000000000057,8.099999999999994,-11.470000000000002,8,-5.539999999999999,2.08,-10.519999999999996,-4.859999999999999
5,Oregon,12,Belmont,70,73,Belmont,region4,2022,0,-10.799999999999997,5,-0.09999999999999432,-15.76,13.69,-2.06,0,-4.439999999999998,-0.7400000000000091
4,Tennessee,13,Buffalo,80,67,Tennessee,region4,2022,1,10.399999999999991,6.100000000000001,-0.6999999999999886,4.25,23.11,19.96,8.57,22.320000000000007,-15.89
6,BYU,11,Villanova,57,61,Villanova,region4,2022,0,0.6000000000000085,6.100000000000001,0.5,-5.53,-0.9700000000000006,-0.23000000000000043,-6.279999999999999,-4.890000000000001,5.260000000000005
3,Michigan,14,American,74,39,Michigan,region4,2022,1,9.200000000000003,-1.7000000000000028,2.700000000000003,10.940000000000001,22.48,15.82,17.6,25.47999999999999,-20.69999999999999
7,Ole Miss,10,South Dakota,61,75,South Dakota,region4,2022,0,-2.4000000000000057,-5.199999999999996,3.8000000000000114,2.869999999999999,13.73,7.25,13.48,9.510000000000005,-18.629999999999995
2,Baylor,15,Hawaii,89,49,Baylor,region4,2022,1,15.299999999999997,4.100000000000001,4.400000000000006,11.15,15.389999999999999,20.83,5.72,18.33,-16.92
1,Louisville,9,Gonzaga,68,59,Louisville,region4,2022,1,-6.599999999999994,3,5.099999999999994,-9.580000000000002,7.840000000000001,-3.789999999999999,2.0600000000000005,-7.570000000000007,-3.960000000000008
12,Belmont,4,Tennessee,67,70,Tennessee,region4,2022,0,-5.700000000000003,-7.400000000000006,-7.1000000000000085,1.6799999999999997,-15.12,-14,0.5500000000000007,-11.61,5.329999999999998
11,Villanova,3,Michigan,49,64,Michigan,region4,2022,0,-5.200000000000003,-4.699999999999996,-1.5,-0.5099999999999998,-1.3200000000000003,-2.6799999999999997,0.8499999999999996,-0.7599999999999909,0.44999999999998863
10,South Dakota,2,Baylor,61,47,South Dakota,region4,2022,1,-3.8999999999999915,4.199999999999996,-5.6000000000000085,-8.13,-15.399999999999999,-15.61,-12.05,-15.429999999999993,21.689999999999998
1,Louisville,4,Tennessee,76,64,Louisville,region4,2022,1,-2.8999999999999915,-6.400000000000006,-4.400000000000006,3.51,-3.4899999999999984,-3.6900000000000013,3.710000000000001,-0.6300000000000097,-1.690000000000012
3,Michigan,10,South Dakota,52,49,Michigan,region4,2022,1,-0.9000000000000057,-0.29999999999999716,3.3000000000000114,-0.54,14.93,8.14,10.38,11.599999999999994,-13.129999999999995
1,Louisville,3,Michigan,62,50,Louisville,region4,2022,1,3.4000000000000057,-1,0.09999999999999432,4.38,1.0899999999999999,5.5,-0.02999999999999936,6.329999999999998,-1.6100000000000136
1,South Carolina,1,Louisville,72,59,South Carolina,final four,2022,1,12,-6.699999999999996,-0.5,18.8,1.8900000000000006,12.580000000000002,8.120000000000001,11.570000000000007,-14.449999999999996
1,Stanford,2,UConn,58,63,UConn,final four,2022,0,-2.200000000000003,2.799999999999997,0.5,-4.990000000000002,-0.19000000000000128,-1.4699999999999989,-2.280000000000001,0.9699999999999989,5.489999999999995
1,South Carolina,2,UConn,64,49,South Carolina,championship,2022,1,5.700000000000003,-0.6000000000000014,-0.20000000000000284,6.43,-0.25,4.670000000000002,2.950000000000001,3.510000000000005,-4.350000000000001
1,Louisville,16,Robert Morris,69,34,Louisville,region1,2019,1,15.900000000000006,4.200000000000003,3,11.6,24.17,28.25,7.9399999999999995,36.50999999999999,-12.490000000000002
8,Michigan,9,Kansas State,84,54,Michigan,region1,2019,1,7.200000000000003,-0.8000000000000043,1.5,8.03,-4.84,5.449999999999999,-2.2700000000000005,5.159999999999997,0.6300000000000026
5,Gonzaga,12,Little Rock,68,51,Gonzaga,region1,2019,1,12.000000000000007,2.1000000000000014,1.6000000000000085,9.940000000000001,5.09,13.620000000000001,1.4100000000000001,5.86999999999999,-9.260000000000005
4,Oregon State,13,Boise State,80,75,Oregon State,region1,2019,1,0,-2.6999999999999957,-3,2.639999999999999,11.43,5.390000000000001,11.58,24.070000000000007,-3.3299999999999983
6,UCLA,11,Tennessee,89,77,UCLA,region1,2019,1,-0.8999999999999915,-0.29999999999999716,-4.099999999999994,-0.5600000000000005,5.51,0.6399999999999988,4.33,3.6400000000000006,-2.6600000000000037
3,Maryland,14,Radford,73,51,Maryland,region1,2019,1,11.5,6.100000000000001,3.700000000000003,5.459999999999999,16.4,18.86,3.170000000000001,24.440000000000005,-4.18
7,Rutgers,10,Buffalo,71,82,Buffalo,region1,2019,0,-12,-9,-6.900000000000006,-2.9699999999999998,4.119999999999999,-10.66,11.8,-5.039999999999992,-7.240000000000002
2,UConn,15,Towson,110,61,UConn,region1,2019,1,15.599999999999994,-10.600000000000001,-3.700000000000003,26.240000000000002,13.61,20.02,19.85,32.57,-20.94
1,Louisville,8,Michigan,71,50,Louisville,region1,2019,1,6.200000000000003,-4.100000000000001,-1,10.27,4.1,7.809999999999999,6.569999999999999,13.11,-7.07
5,Gonzaga,4,Oregon State,70,76,Oregon State,region1,2019,0,-1.6999999999999886,-2.3000000000000043,-0.5,0.620000000000001,-7.75,-5.619999999999999,-1.5199999999999996,-15.080000000000013,-2.230000000000004
6,UCLA,3,Maryland,85,80,UCLA,region1,2019,1,-1.2999999999999972,7.599999999999994,-1.5,-8.879999999999999,8.35,1.33,-1.8500000000000005,-0.8800000000000097,1.1699999999999946
10,Buffalo,2,UConn,72,84,UConn,region1,2019,0,-6.700000000000003,10.600000000000001,2.4000000000000057,-17.3,-5.68,-9.85,-13.13,-17.25,14.349999999999998
1,Louisville,4,Oregon State,61,44,Louisville,region1,2019,1,2.8000000000000114,-1.7000000000000028,2.799999999999997,4.51,0.34999999999999964,3.3199999999999985,1.5299999999999994,4.059999999999988,-4.07
6,UCLA,2,UConn,61,69,UConn,region1,2019,0,-9.099999999999994,12.199999999999996,-1,-21.240000000000002,5.68,-7.040000000000001,-8.52,-12.920000000000002,9.249999999999996
1,Louisville,2,UConn,73,80,UConn,region1,2019,0,-4.8999999999999915,2.8999999999999986,-1,-7.850000000000001,2.26,-4.240000000000002,-1.3600000000000012,-4.3700000000000045,2.7699999999999996
1,Notre Dame,16,Bethune-Cookman,92,50,Notre Dame,region2,2019,1,26.099999999999994,3.700000000000003,8,22.36,28.82,37.96,14.520000000000001,49.06,-18.47
8,Central Michigan,9,Michigan State,87,88,Michigan State,region2,2019,0,5.400000000000006,-2.299999999999997,-1.6000000000000085,7.73,-6.13,2.9799999999999986,-1.38,6,4.560000000000002
5,Marquette,12,Rice,58,54,Marquette,region2,2019,1,16.099999999999994,9,10.5,7.109999999999999,13.49,22.77,-2.17,18.960000000000008,-5.07
4,Texas A&M,13,Wright State,84,61,Texas A&M,region2,2019,1,-0.5,-1.8000000000000043,-0.5,1.3200000000000003,12.870000000000001,3.0599999999999996,11.79,10.409999999999997,-11.259999999999998
6,DePaul,11,Missouri State,78,89,Missouri State,region2,2019,0,8.299999999999997,9.700000000000003,0.20000000000000284,-1.450000000000001,8.86,12.7,-5.29,12.700000000000003,3.3200000000000003
3,Iowa State,14,New Mexico State,97,61,Iowa State,region2,2019,1,6.800000000000011,0,1.6000000000000085,6.83,22.759999999999998,18.52,13.19,30.6,-12
7,BYU,10,Auburn,73,64,BYU,region2,2019,1,-2.3999999999999915,-0.5,-2.299999999999997,-1.9699999999999998,-3.96,-5.04,-0.54,-9.680000000000007,1.1099999999999994
2,Stanford,15,UC-Davis,79,54,Stanford,region2,2019,1,2.8999999999999915,3.8999999999999986,2.5999999999999943,-1.0300000000000011,17.580000000000002,9.89,7.82,13.849999999999994,-11.079999999999998
1,Notre Dame,9,Michigan State,91,63,Notre Dame,region2,2019,1,13.5,-3.6999999999999886,2.799999999999997,17.16,5.510000000000002,15.38,7.280000000000001,16.88000000000001,-12.079999999999998
5,Marquette,4,Texas A&M,76,78,Texas A&M,region2,2019,0,12.200000000000003,1.5,3.5,10.7,0.1999999999999993,13.08,-2.1799999999999997,11.360000000000014,-1.3100000000000023
11,Missouri State,3,Iowa State,69,60,Missouri State,region2,2019,1,-6.1000000000000085,-0.7999999999999972,-1.5,-5.26,-10.969999999999999,-10.29,-5.95,-14.11,7.710000000000001
7,BYU,2,Stanford,63,72,Stanford,region2,2019,0,-4.8999999999999915,2.200000000000003,-3.5,-7.13,-12.02,-10.75,-8.41,-17.379999999999995,10.93
1,Notre Dame,4,Texas A&M,87,80,Notre Dame,region2,2019,1,18.799999999999997,4.500000000000007,6,14.23,5.300000000000001,20.25,-0.72999999999999865,19.88000000000001,-4.060000000000002
11,Missouri State,2,Stanford,46,55,Stanford,region2,2019,0,-1.2999999999999972,2.3000000000000043,2.200000000000003,-3.5599999999999987,-13.61,-6.85,-10.34,-10.929999999999993,12.149999999999999
1,Notre Dame,2,Stanford,84,68,Notre Dame,region2,2019,1,14.5,4.000000000000007,5,10.450000000000001,0.4400000000000013,14.290000000000001,-3.42,15.740000000000009,1.4600000000000009
1,Baylor,16,Abilene Christian,95,38,Baylor,region3,2019,1,8.5,-8.399999999999991,7.6000000000000085,16.97,22.14,19.34,24.619999999999997,32.379999999999995,-27.319999999999997
8,California,9,UNC,92,72,California,region3,2019,1,-2.200000000000003,-1.4000000000000057,-6.200000000000003,-0.8499999999999996,3.01,-1.7599999999999998,3.92,0.1799999999999926,-1.5900000000000034
5,Florida State,12,Bucknell,70,67,Florida State,region3,2019,1,-3.9000000000000057,3.4000000000000057,0.20000000000000284,-7.29,15.870000000000001,0.4500000000000002,8.15,1.4899999999999949,-9.840000000000003
4,South Carolina,13,Belmont,74,52,South Carolina,region3,2019,1,0.29999999999999716,6.799999999999997,5.099999999999994,-6.389999999999999,17.72,8.530000000000001,2.79,3.289999999999992,-11.130000000000003
6,Kentucky,11,Princeton,82,77,Kentucky,region3,2019,1,0.6999999999999886,-4.5,-1,5.17,7.669999999999999,4.14,8.719999999999999,5.680000000000007,-11.840000000000003
3,NC State,14,Maine,63,51,NC State,region3,2019,1,4.299999999999997,3.3999999999999986,4.5,0.9699999999999989,16.84,9.530000000000001,8.27,8.61,-15.509999999999998
7,Missouri,10,Drake,77,76,Missouri,region3,2019,1,-14.599999999999994,-7.8999999999999915,-9.099999999999994,-6.740000000000001,7.74,-11.23,13.27,2.0600000000000023,-3.8500000000000014
2,Iowa,15,Mercer,66,61,Iowa,region3,2019,1,10.900000000000006,6,3.299999999999997,4.93,19.89,19.66,5.16,23.489999999999995,-9.950000000000003
1,Baylor,8,California,102,63,Baylor,region3,2019,1,9,-14.299999999999997,4.900000000000006,23.330000000000002,-0.5199999999999996,7.909999999999998,14.899999999999999,9.879999999999995,-22.029999999999998
5,Florida State,4,South Carolina,64,72,South Carolina,region3,2019,0,-6.799999999999997,-5.599999999999994,-2.5999999999999943,-1.2500000000000009,-3.67,-8.680000000000001,3.7800000000000002,-6.760000000000005,0.25
6,Kentucky,3,NC State,57,72,NC State,region3,2019,0,0.5999999999999943,-1.6999999999999957,1.6000000000000085,2.24,-2.6800000000000015,-0.2900000000000009,-0.13000000000000078,-3.739999999999995,-2.3100000000000023
7,Missouri,2,Iowa,52,68,Iowa,region3,2019,0,-12.5,-8.599999999999994,-6.5,-3.9400000000000004,-1.7100000000000009,-14.149999999999999,8.509999999999998,-11.489999999999995,-3.6400000000000006
1,Baylor,4,South Carolina,93,68,Baylor,region3,2019,1,6.400000000000006,-11.099999999999994,-0.3999999999999915,17.48,0.5600000000000005,5.549999999999997,12.5,8.989999999999995,-14.639999999999997
3,NC State,2,Iowa,61,79,Iowa,region3,2019,0,-7.400000000000006,-6.399999999999999,-2.4000000000000057,-0.9000000000000004,-1.83,-8.2,5.46,-8.429999999999993,-5.009999999999998
1,Baylor,2,Iowa,85,53,Baylor,region3,2019,1,3.299999999999997,-11.599999999999994,0.9000000000000057,14.950000000000001,1.5299999999999994,2.629999999999999,13.849999999999998,1.8599999999999994,-19.16
1,Mississippi State,16,Southern,103,46,Mississippi State,region4,2019,1,26,-6.599999999999994,5.199999999999989,32.67,19.31,37.95,15.63,52.61,-12.350000000000001
8,South Dakota,9,Clemson,66,79,Clemson,region4,2019,0,8,-7.299999999999997,-8.799999999999997,15.23,-11.23,1.8399999999999999,0.15000000000000036,4.189999999999998,3.780000000000001
5,Arizona State,12,UCF,60,45,Arizona State,region4,2019,1,4.200000000000003,2.4000000000000057,-2.799999999999997,1.79,9.25,6.26,4.779999999999999,10.970000000000006,-3.509999999999998
4,Miami (FL),13,Florida Gulf Coast,69,62,Miami (FL),region4,2019,1,-1.7000000000000028,6.5,2.799999999999997,-8.24,16.78,7.2700000000000005,2.54,13.579999999999991,-0.259999999999998
6,South Dakota State,11,Quinnipiac,76,65,South Dakota State,region4,2019,1,13.799999999999997,11.300000000000004,1.6999999999999886,2.4300000000000015,8.94,14.36,-2.9800000000000004,13.770000000000003,0.01999999999999602
3,Syracuse,14,Fordham,70,49,Syracuse,region4,2019,1,17,12.800000000000004,13.199999999999996,4.21,13.53,20.830000000000002,-3.0999999999999996,11.310000000000002,-10.049999999999997
7,Texas,10,Indiana,65,69,Indiana,region4,2019,0,1.4000000000000057,-3.5,-2.4000000000000057,4.99,0.2900000000000009,1.2100000000000009,4.0600000000000005,2.509999999999991,-3.719999999999999
2,Oregon,15,Portland State,78,40,Oregon,region4,2019,1,14.100000000000009,2.700000000000003,-2.799999999999997,11.53,20.55,24.85,7.02,39.08,-5.93
1,Mississippi State,9,Clemson,85,61,Mississippi State,region4,2019,1,17.10000000000001,-8.799999999999997,-4.400000000000006,25.849999999999998,-1.3500000000000014,18.34,6.16,28.83,-3.289999999999999
5,Arizona State,4,Miami (FL),57,55,Arizona State,region4,2019,1,-8.199999999999989,-5.299999999999997,-6.5,-2.8499999999999996,4.940000000000001,-6.38,8.469999999999999,-3.3899999999999864,-6.230000000000004
6,South Dakota State,3,Syracuse,75,64,South Dakota State,region4,2019,1,1.7999999999999972,-4.600000000000001,-5.700000000000003,6.370000000000001,-8.12,-3.030000000000001,1.2799999999999994,-1.7399999999999949,0.8499999999999943
10,Indiana,2,Oregon,68,91,Oregon,region4,2019,0,-15.800000000000011,2.5,3.799999999999997,-18.39,-5.090000000000002,-16.92,-5.02,-23.989999999999995,4.809999999999995
1,Mississippi State,5,Arizona State,76,53,Mississippi State,region4,2019,1,20.799999999999997,0,7.3999999999999915,20.79,-5.760000000000002,19.24,-4.209999999999999,18.39999999999999,-1.1499999999999986
6,South Dakota State,2,Oregon,53,63,Oregon,region4,2019,0,-5.900000000000006,-0.3999999999999986,0.8999999999999915,-5.579999999999998,-12.290000000000001,-11.900000000000002,-4.43,-17.909999999999997,3.8499999999999943
1,Mississippi State,2,Oregon,84,88,Oregon,region4,2019,0,1.2999999999999972,-4.799999999999997,4.3999999999999915,6.02,-6.580000000000002,0.09999999999999787,0.8800000000000008,-1.4500000000000028,-3.6000000000000014
1,Baylor,2,Oregon,72,67,Baylor,final four,2019,1,-3.200000000000003,-7.299999999999997,4.200000000000003,4.080000000000002,-1.7100000000000009,-4.020000000000003,7.93,-6.210000000000008,-12.720000000000002
1,Notre Dame,2,UConn,81,76,Notre Dame,final four,2019,1,5.799999999999997,8.300000000000004,4.5,-2.5700000000000003,5.190000000000001,6.870000000000001,-4.27,3.1200000000000045,1.4199999999999982
1,Baylor,1,Notre Dame,82,81,Baylor,championship,2019,1,-6.8999999999999915,-9.200000000000003,-3.5999999999999943,2.3900000000000006,-1.4400000000000013,-7.700000000000003,8.659999999999998,-5.88000000000001,-8.59
1,UConn,16,Saint Francis (PA),140,52,UConn,region1,2018,1,9.400000000000006,-19.800000000000004,-2.9000000000000057,29.259999999999998,21.83,17.68,34.18,36.35999999999999,-32.22
8,Miami (FL),9,Quinnipiac,72,86,Quinnipiac,region1,2018,0,-0.7000000000000028,5.199999999999996,4.299999999999997,-5.910000000000001,11.72,3.740000000000001,2.0599999999999996,0.3199999999999932,-7.840000000000003
5,Duke,12,Belmont,72,58,Duke,region1,2018,1,-8.799999999999997,-3.4000000000000057,2.3999999999999915,-5.43,15.82,-0.20999999999999908,11.45,1.4799999999999898,-14.71
4,Georgia,13,Mercer,68,63,Georgia,region1,2018,1,-3.700000000000003,2.700000000000003,2.700000000000003,-6.43,14.56,1.0599999999999996,7.069999999999999,-5.719999999999999,-14.39
6,South Florida,11,Buffalo,79,102,Buffalo,region1,2018,0,-2.8999999999999915,-2.0999999999999943,-6.1000000000000085,-0.7300000000000004,5.64,0.08999999999999986,4.82,13.039999999999992,4.979999999999997
3,Florida State,14,Little Rock,91,49,Florida State,region1,2018,1,21.299999999999997,10.5,4.6000000000000085,10.82,12.47,28.979999999999997,-5.680000000000001,27.43,-1.3299999999999983
7,California,10,Virginia,62,68,Virginia,region1,2018,0,6.899999999999999,4.700000000000003,-0.5,2.1799999999999997,-1.2800000000000011,6.720000000000001,-5.8100000000000005,0.769999999999996,1.240000000000002
2,South Carolina,15,North Carolina A&T,63,52,South Carolina,region1,2018,1,8.700000000000003,2.9000000000000057,4.099999999999994,5.809999999999999,23.240000000000002,20.880000000000003,11.02,33.51,-7
1,UConn,9,Quinnipiac,71,46,UConn,region1,2018,1,17.60000000000001,-5.5,4.099999999999994,23.169999999999995,14.510000000000002,22.700000000000003,14.98,27.929999999999993,-22.080000000000002
5,Duke,4,Georgia,66,40,Duke,region1,2018,1,1.7999999999999972,-1.3000000000000043,-0.8000000000000114,3.120000000000001,2.369999999999999,3.570000000000001,1.92,10.599999999999994,2.259999999999998
11,Buffalo,3,Florida State,86,65,Buffalo,region1,2018,1,-2.9000000000000057,0.7999999999999972,3.700000000000003,-3.7299999999999986,-6.930000000000001,-7.85,-2.8099999999999996,-16.769999999999996,-1.5399999999999991
10,Virginia,2,South Carolina,56,66,South Carolina,region1,2018,0,-13.100000000000001,0,-4.799999999999997,-13.12,1.5,-12.72,1.1000000000000014,-11.58999999999999,3.1700000000000017
1,UConn,5,Duke,72,59,UConn,region1,2018,1,20.60000000000001,-2.8999999999999986,1.4000000000000057,23.569999999999997,2.040000000000001,19.880000000000003,5.74,20.439999999999998,-11.7
11,Buffalo,2,South Carolina,63,79,South Carolina,region1,2018,0,2.8999999999999915,3.8999999999999915,1.1000000000000085,-1.0599999999999987,-9.010000000000002,-2.110000000000001,-7.959999999999999,-9.47999999999999,4.170000000000002
1,UConn,2,South Carolina,94,65,UConn,region1,2018,1,14.200000000000003,-7.800000000000004,-1.2999999999999972,22.019999999999996,0.3200000000000003,13.120000000000001,9.23,17.33,-12.639999999999997
1,Mississippi State,16,Nicholls State,95,50,Mississippi State,region2,2018,1,15.899999999999991,-8.399999999999999,5.099999999999994,24.29,18.68,25.12,19.91,42.040000000000006,-17.53
8,Syracuse,9,Oklahoma State,57,84,Oklahoma State,region2,2018,0,-5.200000000000003,-1,3.3999999999999915,-4.200000000000001,-3.08,-4.580000000000002,-2.7099999999999995,-3.6799999999999926,5.260000000000005
5,Maryland,12,Princeton,77,57,Maryland,region2,2018,1,12,8.999999999999993,0.29999999999999716,2.9700000000000006,8.309999999999999,14.349999999999998,-3.079999999999999,11.36,-1.8599999999999994
4,NC State,13,Elon,62,35,NC State,region2,2018,1,-4.400000000000006,-0.29999999999999716,-0.9000000000000057,-4.25,13.110000000000001,1.13,8.93,9.36,-5.810000000000002
6,Iowa,11,Creighton,70,76,Creighton,region2,2018,0,9,1.5,5.5,7.5600000000000005,-2.4000000000000004,7.66,-2.5100000000000002,0.7799999999999869,-5.900000000000006
3,UCLA,14,American,71,60,UCLA,region2,2018,1,11.299999999999997,5.700000000000003,3.299999999999997,5.55,20.470000000000002,17.770000000000003,8.25,19.549999999999997,-15.54
7,Arizona State,10,Nebraska,73,62,Arizona State,region2,2018,1,-1,-5.800000000000004,-7.8999999999999915,4.869999999999999,3.59,1.3599999999999994,7.100000000000001,6.690000000000012,-5.530000000000001
2,Texas,15,Maine,83,54,Texas,region2,2018,1,15.200000000000003,7.499999999999993,5,7.779999999999999,16.5,22.86,4.08,20.199999999999996,-12.57
1,Mississippi State,9,Oklahoma State,71,56,Mississippi State,region2,2018,1,2.799999999999997,-11.199999999999996,1.1999999999999886,14.019999999999998,0.16999999999999993,3.919999999999998,10.28,10.690000000000012,-10.409999999999997
5,Maryland,4,NC State,60,74,NC State,region2,2018,0,12.799999999999997,6.8999999999999915,2.9000000000000057,5.960000000000001,-2.870000000000001,11.18,-8.100000000000001,9.849999999999994,6.719999999999999
11,Creighton,3,UCLA,64,86,UCLA,region2,2018,0,-5.799999999999997,3.9000000000000057,-4.5,-9.69,-4.700000000000001,-8.280000000000001,-6.1000000000000005,-5.009999999999991,14.380000000000003
7,Arizona State,2,Texas,65,85,Texas,region2,2018,0,-12.900000000000006,-6.299999999999997,-4.3999999999999915,-6.630000000000001,-2.2200000000000006,-14.25,5.4,-4.699999999999989,3.8999999999999986
1,Mississippi State,4,NC State,71,57,Mississippi State,region2,2018,1,14.299999999999997,-0.8000000000000043,3.5,15.2,0.08999999999999986,14.55,0.7499999999999982,17.650000000000006,-3.6099999999999994
3,UCLA,2,Texas,84,75,UCLA,region2,2018,1,-5.200000000000003,-0.5999999999999943,0.9000000000000057,-4.720000000000001,1.4400000000000013,-4.759999999999998,1.4800000000000004,0.45000000000000284,1.7899999999999991
1,Mississippi State,3,UCLA,89,73,Mississippi State,region2,2018,1,5.599999999999994,-7.100000000000001,2.0999999999999943,12.799999999999999,-3.9700000000000006,4.669999999999998,4.169999999999998,8.820000000000007,-4.18
1,Louisville,16,Boise State,74,42,Louisville,region3,2018,1,8.299999999999997,-4.699999999999996,-0.20000000000000284,13.080000000000002,14.41,15.450000000000001,14.070000000000002,31.479999999999997,-10.469999999999999
8,Marquette,9,Dayton,84,65,Marquette,region3,2018,1,6.900000000000006,8.699999999999996,3,-1.7599999999999998,9.379999999999999,10.170000000000002,-2.5399999999999996,9.060000000000002,-0.7800000000000011
5,Missouri,12,Florida Gulf Coast,70,80,Florida Gulf Coast,region3,2018,0,-8.400000000000006,0.6000000000000014,-3.9000000000000057,-9,14.11,-1.6800000000000006,8.610000000000001,8.170000000000002,-2.690000000000005
4,Stanford,13,Gonzaga,82,68,Stanford,region3,2018,1,-3.5999999999999943,3.200000000000003,3.799999999999997,-6.73,15.419999999999998,3.719999999999999,4.969999999999999,11.229999999999997,-4.469999999999999
6,Oregon State,11,Western Kentucky,82,58,Oregon State,region3,2018,1,-2.700000000000003,-4.600000000000001,-0.7999999999999972,1.9100000000000001,12.07,2.2300000000000004,12.13,5.4199999999999875,-13.310000000000002
3,Tennessee,14,Liberty,100,60,Tennessee,region3,2018,1,12.899999999999991,9.299999999999997,6.799999999999997,3.59,21.43,20.91,4.88,19.64,-14.230000000000004
7,Michigan,10,Northern Colorado,75,61,Michigan,region3,2018,1,4.700000000000003,-1.3999999999999986,2.0999999999999943,6.09,8.889999999999999,8.71,6.26,12.190000000000005,-8.329999999999998
2,Baylor,15,Grambling,96,46,Baylor,region3,2018,1,19.69999999999999,-11.899999999999999,-3.5,31.58,22.97,30.040000000000003,24.509999999999998,39.419999999999995,-29.139999999999997
1,Louisville,8,Marquette,90,72,Louisville,region3,2018,1,-3.5,-13.699999999999996,-3,10.250000000000002,4.32,-2.3900000000000006,16.950000000000003,4.679999999999993,-15.700000000000003
12,Florida Gulf Coast,4,Stanford,70,90,Stanford,region3,2018,0,9.5,-2.3000000000000043,-2.0999999999999943,11.66,-21.49,-0.8899999999999988,-10.75,-5.239999999999995,11.990000000000002
6,Oregon State,3,Tennessee,66,59,Oregon State,region3,2018,1,-5,-5.399999999999999,-6.8999999999999915,0.4900000000000002,-0.7099999999999991,-5.130000000000001,4.91,2.9299999999999926,2.1400000000000006
7,Michigan,2,Baylor,58,80,Baylor,region3,2018,0,-11.199999999999989,6.399999999999999,-0.9000000000000057,-17.549999999999997,-3.26,-13.430000000000001,-7.380000000000001,-11.559999999999988,13.620000000000001
1,Louisville,4,Stanford,86,59,Louisville,region3,2018,1,8,-5.600000000000001,-0.5,13.600000000000001,-2.459999999999999,7.080000000000002,4.060000000000002,11.840000000000003,-2.950000000000003
6,Oregon State,2,Baylor,72,67,Oregon State,region3,2018,1,-13.5,2.799999999999997,-4.700000000000003,-16.21,-0.129999999999999,-13.410000000000002,-2.9299999999999997,-9.75,9.529999999999998
1,Louisville,6,Oregon State,76,43,Louisville,region3,2018,1,4.1000000000000085,-1.7999999999999972,2.799999999999997,5.9300000000000015,2.5299999999999994,5.520000000000001,2.9400000000000013,7.010000000000005,-5.109999999999999
1,Notre Dame,16,Cal State Northridge,99,81,Notre Dame,region4,2018,1,19.89999999999999,3.299999999999997,7.400000000000006,16.6,20.53,31.59,6.0200000000000005,39.32,-11
8,South Dakota State,9,Villanova,74,81,Villanova,region4,2018,0,10.700000000000003,1.2000000000000028,5.299999999999997,9.5,-6.6,6.3,-3.3100000000000005,-3.9599999999999937,-5.769999999999996
5,DePaul,12,Oklahoma,90,79,DePaul,region4,2018,1,6.900000000000006,-1.9000000000000057,-5.5,8.79,-7.179999999999998,4.59,-2.99,6.460000000000008,4.6199999999999974
4,Texas A&M,13,Drake,89,76,Texas A&M,region4,2018,1,-4.700000000000003,1.0999999999999943,-4.099999999999994,-5.83,14.2,0.9400000000000013,9.3,6.950000000000003,-7.640000000000001
6,LSU,11,Central Michigan,69,78,Central Michigan,region4,2018,0,-16,-9.099999999999994,-6,-6.849999999999999,5.3500000000000005,-11.91,11.54,-9.310000000000002,-11.200000000000003
3,Ohio State,14,George Washington,87,45,Ohio State,region4,2018,1,25.299999999999997,12.599999999999994,5.6000000000000085,12.68,9.25,29.74,-7.819999999999999,22.429999999999993,-5.089999999999996
7,Green Bay,10,Minnesota,77,89,Minnesota,region4,2018,0,-19.30000000000001,-27.4,-5.200000000000003,8.06,-6.640000000000001,-21.78,23.19,-7.820000000000007,-15.259999999999998
2,Oregon,15,Seattle,88,45,Oregon,region4,2018,1,14.200000000000003,-4.899999999999999,-1.8999999999999915,19.18,18.75,21.81,16.16,35.419999999999995,-16.630000000000003
1,Notre Dame,9,Villanova,98,72,Notre Dame,region4,2018,1,17.599999999999994,6.799999999999997,12.200000000000003,10.84,9.67,21.19,-0.6699999999999999,14.010000000000005,-11.949999999999996
5,DePaul,4,Texas A&M,79,80,Texas A&M,region4,2018,0,5.200000000000003,2.299999999999997,3.4000000000000057,2.9399999999999995,-2.789999999999999,3.9299999999999997,-3.7800000000000002,-1.1099999999999994,-0.060000000000002274
11,Central Michigan,3,Ohio State,95,78,Central Michigan,region4,2018,1,-2.700000000000003,-0.29999999999999716,1.3999999999999915,-2.3500000000000014,-8.079999999999998,-8,-3.56,-6.72999999999999,9.399999999999999
10,Minnesota,2,Oregon,73,101,Oregon,region4,2018,0,2.5,11.199999999999996,0.7999999999999972,-8.700000000000001,-5.17,0.6400000000000006,-14.54,-11.269999999999996,9.920000000000002
1,Notre Dame,4,Texas A&M,90,84,Notre Dame,region4,2018,1,7.3999999999999915,-0.7000000000000028,6,8.17,5.1899999999999995,9.8,3.5700000000000003,8.939999999999998,-7.969999999999999
11,Central Michigan,2,Oregon,69,83,Oregon,region4,2018,0,-0.10000000000000853,7.199999999999996,3.3999999999999915,-7.280000000000001,-9.04,-5.260000000000002,-12.219999999999999,-12.179999999999993,13.870000000000005
1,Notre Dame,2,Oregon,84,74,Notre Dame,region4,2018,1,2.6999999999999886,4.199999999999996,7.799999999999997,-1.4800000000000004,4.279999999999999,5.59,-2.8099999999999987,1.9000000000000057,-0.5999999999999943
1,UConn,1,Notre Dame,89,91,Notre Dame,final four,2018,0,4.300000000000011,-14.399999999999999,-4.5,18.709999999999997,-5.229999999999999,1.1900000000000013,12.29,4.36999999999999,-13.3
1,Mississippi State,1,Louisville,73,63,Mississippi State,final four,2018,1,4.3999999999999915,-0.7000000000000028,2.0999999999999943,5.049999999999997,-1.9499999999999993,4.149999999999999,-1.0400000000000027,4.540000000000006,-0.11999999999999744
1,Notre Dame,1,Mississippi State,61,58,Notre Dame,championship,2018,1,4,11.399999999999999,3.4000000000000057,-7.399999999999999,5.799999999999999,6.140000000000001,-7.739999999999998,2.0799999999999983,6.100000000000001
