"","School","Conf","W","L","PPG","PPG_Allowed","Pace","MOV","SOS","OSRS","DSRS","Adj_ORtg","Adj_DRtg","year"
"1","South Carolina","SEC",38,0,85.4,56.6,74.1,28.89,16.37,26.76,18.51,123.17,63.87,2024
"2","UConn","Big East",33,6,79.7,57.2,71.4,22.46,16.62,22.09,15.56,119.66,68.22,2024
"3","Iowa","Big Ten",34,5,91,71.9,76.7,19.1,17.95,32.73,4.32,126.21,77.95,2024
"4","Texas","Big 12",33,5,80.1,57.7,71.5,22.42,14.05,21.14,15.33,119.16,69.75,2024
"5","LSU","SEC",31,6,85.9,63.3,77.9,22.59,11.46,25.71,8.34,116.36,73.55,2024
"6","UCLA","Pac-12",27,7,77.3,61.1,71.5,16.18,17.82,19.24,14.76,116.38,70.44,2024
"7","Stanford","Pac-12",30,6,77.5,60,68.7,17.47,16.43,20.62,13.28,120.63,73.71,2024
"8","Notre Dame","ACC",28,7,78.6,61.1,74.4,17.51,14.74,19.24,13.02,110.98,68.75,2024
"9","Ohio State","Big Ten",26,6,79.3,64,73.9,15.31,16.76,19.21,12.58,114.75,72.47,2024
"10","NC State","ACC",31,7,73.4,60.7,71.7,12.71,17.7,16.26,14.15,111.21,70.86,2024
"11","USC","Pac-12",29,6,74.9,62.5,70.4,12.43,17.78,17.79,12.41,114.98,73.58,2024
"12","Indiana","Big Ten",26,6,79.5,64.4,71.4,15.13,14.38,18.03,11.47,117.01,77.45,2024
"13","Utah","Pac-12",23,11,77.4,62,69.7,15.38,15.46,18.07,10.62,116.61,77.84,2024
"14","Colorado","Pac-12",24,10,75.2,64.3,71.5,10.94,17.67,17.75,10.86,113.65,74.96,2024
"15","Baylor","Big 12",26,8,74.8,60.4,73.9,14.38,13.86,16.15,12.09,109.1,71.37,2024
"16","Kansas State","Big 12",26,8,71.7,57.9,71.2,13.74,14.42,11.85,16.3,107.42,69.68,2024
"17","Oregon State","Pac-12",27,8,70.9,59.8,67.7,11.17,16.76,13.53,14.41,112.39,74.17,2024
"18","Duke","ACC",22,12,68.2,57.9,69.1,10.32,17.25,10.02,17.55,106.7,69.53,2024
"19","West Virginia","Big 12",25,8,73.7,57.8,73,15.85,11.67,13.54,13.98,107.91,71.61,2024
"20","Virginia Tech","ACC",25,8,75.2,61.7,68.9,13.48,13.4,15.29,11.59,115.94,79.24,2024
"21","Michigan State","Big Ten",22,9,82.8,67,74,15.77,10.91,20.65,6.04,116.3,81.28,2024
"22","Gonzaga","WCC",32,4,80,60.3,68.3,19.67,6.64,17.97,8.33,119.17,82.28,2024
"23","Louisville","ACC",24,10,73.4,63.3,71.6,10.09,14.48,14.18,10.39,111.6,78.32,2024
"24","Tennessee","SEC",20,13,76.3,69.7,74.1,6.58,17.97,17.87,6.68,112.23,80.01,2024
"25","Penn State","Big Ten",22,13,82.7,71.8,77,10.91,12.65,22.4,1.16,112.41,81.94,2024
"26","Oklahoma","Big 12",23,10,76.5,69.1,77.3,7.36,15.85,18.36,4.85,107.33,76.94,2024
"27","Creighton","Big East",26,6,73.4,62.8,67.9,10.59,12.53,14.72,8.4,114.53,82.61,2024
"28","Iowa State","Big 12",21,12,75.4,69.1,72.1,6.24,16.7,16.35,6.59,112.52,81.94,2024
"29","Nebraska","Big Ten",23,12,72.4,64.2,70.5,8.2,14.64,12.43,10.41,108.65,77.42,2024
"30","Maryland","Big Ten",19,14,77.9,73.3,76.2,4.64,17.97,18.54,4.06,109.79,80.39,2024
"31","Washington State","Pac-12",21,15,69.1,61.8,67.6,7.31,14.57,10.26,11.62,108.25,78.62,2024
"32","Alabama","SEC",24,10,73.1,62.2,71.3,10.94,10.84,11.9,9.88,108.02,78.64,2024
"33","Ole Miss","SEC",24,9,68.5,59.4,70.3,9.12,12.19,7.79,13.52,103.18,74.43,2024
"34","Texas A&M","SEC",19,13,68.4,58.7,71,9.66,11.6,7.72,13.54,102.95,74.28,2024
"35","Arizona","Pac-12",18,16,69.9,65.8,70.2,4.09,17.17,12.64,8.61,106.01,77.07,2024
"36","UNC","ACC",20,13,67.8,62.5,70.4,5.27,15.69,9.52,11.44,104.49,76.16,2024
"37","Kansas","Big 12",20,13,68.2,64.3,68.9,3.88,16.46,10.53,9.81,108.47,80.54,2024
"38","Mississippi State","SEC",23,12,75.6,65.8,71.7,9.86,10.19,14.87,5.19,111.24,84.64,2024
"39","Auburn","SEC",20,12,66.4,58.8,72.8,7.56,12.35,6.2,13.71,97.75,71.74,2024
"40","Florida State","ACC",23,11,78.5,71.5,76.5,7.06,12.79,18.8,1.05,107.16,81.22,2024
"41","Syracuse","ACC",24,8,74,65.7,71.7,8.34,11.34,13.2,6.48,108.42,82.39,2024
"42","UNLV","MWC",30,3,79,59.1,70.3,19.97,-0.34,13.71,5.93,111.1,83.59,2024
"43","Illinois","Big Ten",19,15,74.5,67.5,70.8,7.03,12.48,13.13,6.38,110.45,83.91,2024
"44","Michigan","Big Ten",20,14,70,64.3,69.4,5.71,13.39,8.68,10.42,105.27,79.93,2024
"45","Marquette","Big East",23,9,69.6,59.5,70.1,10.13,8.85,9.03,9.95,103.6,78.28,2024
"46","Washington","Pac-12",16,15,64.2,59,65.8,5.16,13.48,5.23,13.42,103.68,78.12,2024
"47","TCU","Big 12",21,12,69.5,60.9,67.9,8.61,10.47,7.6,10.55,106.66,81.97,2024
"48","Miami (FL)","ACC",19,12,66.6,60.4,68.5,6.29,11.11,5.98,11.42,102.59,78.75,2024
"49","Villanova","Big East",22,13,64.8,59.6,65.5,5.2,12.07,6,11.27,104.51,80.38,2024
"50","Princeton","Ivy",25,5,69.2,56.2,65.7,12.97,4.13,6.45,10.65,106.19,81.28,2024
"51","Oklahoma State","Big 12",14,16,69,66.4,71.1,2.53,14.47,9.67,7.33,105.5,82.51,2024
"52","Middle Tennessee","CUSA",30,5,71.4,55.5,66.4,15.86,0.87,5.38,11.35,106.23,81.66,2024
"53","Vanderbilt","SEC",23,10,68.5,62.3,70.6,6.15,10.27,7.31,9.11,101.96,79.96,2024
"54","California","Pac-12",19,15,66.2,65.3,67.4,0.85,14.88,8.6,7.13,105.42,83.87,2024
"55","Virginia","ACC",16,16,72.5,69.1,74.1,3.34,12.26,12.93,2.67,104.25,83.78,2024
"56","Florida","SEC",16,16,74.7,71.3,75.7,3.34,12.01,14.05,1.31,105.52,84.63,2024
"57","Columbia","Ivy",23,7,75.7,63.5,70.3,12.2,2.19,12.69,1.7,109.62,89.84,2024
"58","Green Bay","Horizon",27,7,73.9,58.1,66.7,15.74,-0.81,6.13,8.09,108.33,86.76,2024
"59","Florida Gulf Coast","A-Sun",29,5,74.9,55,68.6,19.85,-2.61,6.19,7.9,105.72,84.8,2024
"60","Minnesota","Big Ten",20,16,69.5,66.1,70.6,3.39,10.64,5.82,8.21,100.85,82.81,2024
"61","Richmond","A-10",29,6,73.1,61,68.3,12.09,1.88,9.81,4.15,107.25,87.31,2024
"62","Seton Hall","Big East",17,15,64.4,59.7,66.9,4.69,8.78,4.24,9.23,99.8,81.15,2024
"63","Purdue","Big Ten",15,19,68.2,68.3,71.2,-0.09,13.38,7.43,5.86,101.15,83.78,2024
"64","South Dakota State","Summit",27,6,73.6,60.2,69.1,13.42,0.47,5.43,7.75,101.4,82.64,2024
"65","Texas Tech","Big 12",17,16,64.9,62.8,69.5,2.03,11.03,4.81,8.26,100.39,83.18,2024
"66","Drake","MVC",29,6,81.2,70,75.6,11.23,1.77,14.43,-1.43,105.02,88.09,2024
"67","Arkansas","SEC",18,15,69.5,68.8,74.6,0.64,12.09,9.07,3.65,99.65,82.91,2024
"68","Georgia Tech","ACC",17,16,67.7,67,70.9,0.73,11.89,7.42,5.2,101.12,84.68,2024
"69","Boston College","ACC",14,19,71,69.7,74,1.3,10.79,10.67,1.43,101.38,85.88,2024
"70","Missouri","SEC",11,19,70,71,72.1,-1.03,12.94,9.47,2.44,103.73,88.75,2024
"71","Saint Joseph's","A-10",28,6,65.3,54.5,64.5,10.85,0.82,1.6,10.07,100.42,82.77,2024
"72","George Mason","A-10",23,8,71.1,58.7,70.4,12.39,0.36,5.83,5.63,99.19,83.04,2024
"73","Toledo","MAC",28,6,72.7,60.1,69.8,12.62,-0.41,6.64,4.68,100.89,85.06,2024
"74","Belmont","MVC",26,9,70.6,62.3,69.5,8.26,2.85,3.87,7.23,100.62,85.34,2024
"75","UCF","Big 12",12,17,64.1,64.6,71,-0.45,12.2,4.38,6.53,97.3,82.9,2024
"76","BYU","Big 12",16,17,65.4,65.7,69.5,-0.33,11.1,5.77,4.99,99.62,85.64,2024
"77","Clemson","ACC",12,19,69.6,70.3,71.4,-0.65,11.18,8.99,1.55,102.83,88.62,2024
"78","Cincinnati","Big 12",14,18,62.4,66,70.5,-3.59,13.48,3.09,6.8,96.67,83.28,2024
"79","Houston","Big 12",14,16,67.7,68.6,73.9,-0.97,10.7,7.37,2.36,96.6,85.01,2024
"80","Santa Clara","WCC",25,9,69.6,59.1,67.1,10.41,2.32,4.58,5.15,103.25,89.08,2024
"81","St. John's (NY)","Big East",18,15,60.4,58.2,63.6,2.21,7.31,0.06,9.46,99.22,85.66,2024
"82","Marshall","Sun Belt",26,7,85.3,71.8,80.6,13.48,-0.81,16.8,-7.29,102.18,90.97,2024
"83","Georgia","SEC",12,18,63.2,66.9,71.3,-3.7,13.12,2.79,6.63,94.86,83.05,2024
"84","Virginia Commonwealth","A-10",26,6,63.3,53.2,65.5,10.13,-0.05,-1.36,10.5,96.19,82.54,2024
"85","Georgetown","Big East",23,12,57.9,55.1,64.6,2.74,6.39,-3.08,12.21,93.31,80.48,2024
"86","Rhode Island","A-10",21,14,64.1,56.7,66.8,7.46,1.61,0.62,8.44,96.15,83.45,2024
"87","Oregon","Pac-12",11,21,59.8,67.3,68.3,-7.5,16.54,1.81,7.23,96.18,84.6,2024
"88","Stony Brook","CAA",28,5,72.9,57.6,73.1,15.27,-6.32,6.73,2.23,95.29,83.86,2024
"89","Ball State","MAC",28,6,72.7,60.9,71.3,11.76,-2.05,4.47,4.48,99.26,86.61,2024
"90","Temple","AAC",20,12,69.9,62.9,71,7.03,1.84,5.75,3.12,96.16,84.36,2024
"91","North Texas","AAC",23,9,74.3,64.2,73,10.16,0.76,8.46,0.36,99.23,87.49,2024
"92","Cleveland State","Horizon",29,6,74.3,61.4,71.4,12.94,-4.33,6.21,2.41,99.25,87.89,2024
"93","Davidson","A-10",18,8,65,55.4,65.2,9.58,-1.06,0.11,8.41,98.8,86.55,2024
"94","Rice","AAC",19,15,67.2,63,71.1,4.15,3.82,2.73,5.24,95.81,84.74,2024
"95","Arizona State","Pac-12",11,20,61.5,70.1,68.8,-8.65,16.42,4.13,3.64,97.85,88.02,2024
"96","DePaul","Big East",12,20,71.2,71.4,74.5,-0.16,7.74,11.59,-4,98.79,88.94,2024
"97","Eastern Washington","Big Sky",29,6,68.3,56.1,68.6,12.2,-3.31,1.61,5.78,94.35,83.67,2024
"98","Tulsa","AAC",25,10,70.9,66.9,73.8,3.94,3.44,6.8,0.58,96.94,87.56,2024
"99","Portland","WCC",21,13,67.9,62.4,72.5,5.5,3.77,2.82,4.29,91.9,82.51,2024
"100","Harvard","Ivy",16,12,68.9,63.4,69,5.46,1.6,4.59,2.48,98.89,89.4,2024
"101","Wisconsin","Big Ten",15,17,62.7,67.9,71.2,-5.16,12.11,0.24,6.71,92.43,83.94,2024
"102","South Florida","AAC",19,14,64.2,60.2,66.8,4,2.93,-0.56,7.49,96.12,87.18,2024
"103","Northern Iowa","MVC",16,16,73.4,70.5,71.7,2.94,3.79,7.15,-0.42,101.46,92.13,2024
"104","East Carolina","AAC",19,14,65.6,62.8,71.9,2.82,3.69,2.59,3.91,91.87,84.76,2024
"105","Grand Canyon","WAC",24,8,69.5,56.2,68.3,13.28,-5.01,-1.19,7.5,93.76,83.9,2024
"106","Wake Forest","ACC",7,25,59.5,67.6,68.3,-8.06,14.11,-0.12,6.17,95.55,88.41,2024
"107","Troy","Sun Belt",22,12,80.9,75,80.3,5.82,0.21,16.07,-10.03,99.5,92.45,2024
"108","Murray State","MVC",20,12,84.5,75.2,78.7,9.28,-2,16.28,-10.58,102.77,95.74,2024
"109","Montana","Big Sky",23,10,72.5,63.8,68,8.64,-1.64,6.51,-0.83,102.67,94.59,2024
"110","Missouri State","MVC",23,10,69.3,63.6,70.2,5.67,-0.14,1.76,3.77,96.66,88.73,2024
"111","Colorado State","MWC",20,11,68.6,61.2,69,7.39,-1.03,2.22,3.18,96.52,88.91,2024
"112","Wyoming","MWC",18,15,63.8,59.8,64.7,3.97,2.56,-0.79,6,97.81,90.21,2024
"113","Fairfield","MAAC",31,2,72.5,55.2,70.2,17.3,-10.1,2.88,2.14,95.6,89.09,2024
"114","James Madison","Sun Belt",23,12,72.3,66.5,74.2,5.77,1.2,5.26,-0.27,94.8,88.42,2024
"115","North Dakota State","Summit",22,12,75.4,68.5,72,6.97,-0.04,6.09,-1.09,99.82,93.33,2024
"116","Jackson State","SWAC",26,7,71.4,57.5,71.7,13.88,-4.55,1.85,2.91,94.67,87.44,2024
"117","Butler","Big East",15,17,62.5,62,65.6,0.5,5.95,-0.47,5.19,97.34,91.77,2024
"118","Southern Methodist","AAC",14,16,69.8,68.3,71.8,1.5,3.1,5.92,-1.33,97.23,91.27,2024
"119","Providence","Big East",13,21,58,61.5,67.5,-3.56,7.99,-2.56,7,89.87,84.1,2024
"120","Memphis","AAC",13,17,67.6,69.3,74.6,-1.7,6.08,4.48,-0.1,90.92,85.18,2024
"121","Kentucky","SEC",12,20,64.4,74.4,73.5,-10,14.28,5.38,-1.1,95.35,89.82,2024
"122","Kent State","MAC",21,11,71.8,62.8,70.7,9,-0.65,4.88,-0.66,97.95,91.91,2024
"123","Illinois State","MVC",22,12,74.3,68.6,72.2,5.68,-0.9,5.42,-1.61,98.29,93.61,2024
"124","Charlotte","AAC",16,15,64.5,63,71.1,1.52,2.13,0.48,3.17,89.7,85.2,2024
"125","California Baptist","WAC",28,4,80.3,71.3,78.2,9,-5.67,11.54,-8.22,95.88,92.45,2024
"126","Rutgers","Big Ten",8,24,65.8,73,71.8,-7.16,10.42,4.49,-1.22,96.11,92.99,2024
"127","UTSA","AAC",18,15,64.6,63.5,69.7,1.15,1.97,-0.17,3.29,91.46,87.21,2024
"128","Maine","AEC",24,10,64.1,57,65.1,7.06,-3.98,-1.4,4.48,95.12,90.62,2024
"129","UC-Irvine","Big West",23,9,63,55.7,67.3,7.31,-4.46,-3.33,6.18,91.14,86.79,2024
"130","Chattanooga","Southern",28,5,64.2,54.5,64,9.76,-5.36,-5,7.8,95.64,90.08,2024
"131","Duquesne","A-10",21,13,69,67,70.4,2.03,0.62,5.29,-2.64,97.36,94.02,2024
"132","Northern Arizona","Big Sky",25,10,75.3,70.1,73.8,5.26,-1.32,10.49,-7.99,98.55,95.46,2024
"133","Old Dominion","Sun Belt",22,10,64,60.3,73.3,3.72,-0.73,-3.83,6.22,85.06,82.11,2024
"134","Pittsburgh","ACC",8,24,60.8,69.1,69.9,-8.31,10.55,-0.18,2.41,91.76,89.9,2024
"135","Pacific","WCC",19,15,71.3,69.9,75.4,1.44,2.56,6.24,-4.11,93.46,90.48,2024
"136","Saint Louis","A-10",22,18,72.1,70,73.3,2.05,3.14,7.36,-5.3,97.74,94.68,2024
"137","Liberty","CUSA",18,16,65.7,66.7,67.8,-0.97,4.12,2.48,-0.71,98.81,96.27,2024
"138","Hawaii","Big West",20,11,59.5,56.3,65.2,3.23,-1.53,-4.68,6.37,90.77,88.29,2024
"139","Boise State","MWC",21,14,64,58.9,69.2,5.09,-1.96,-1.96,3.49,89.16,87.18,2024
"140","Southern Mississippi","Sun Belt",20,14,67.5,63.5,71.4,3.97,-1.41,-0.99,2.4,90.69,88.78,2024
"141","Purdue Fort Wayne","Horizon",23,13,70.9,63.4,71.8,7.56,-3.19,1.16,0.21,93.12,91.16,2024
"142","Norfolk State","MEAC",27,6,67,53.1,68.7,13.91,-11.3,-2.57,3.86,91.24,89.24,2024
"143","Tulane","AAC",12,20,64.4,65.6,67.1,-1.19,2.48,0.45,0.84,96.41,94.86,2024
"144","Oral Roberts","Summit",21,11,82.1,75.4,79.8,6.72,-0.52,12.34,-11.1,97.63,95.81,2024
"145","Louisiana-Monroe","Sun Belt",21,14,74.2,67.9,75.3,6.31,-2.07,5.07,-3.98,94.84,93.66,2024
"146","San Diego State","MWC",22,13,66.3,64.3,70.1,1.97,-0.53,1.02,-0.28,92.88,92.21,2024
"147","Lamar","Southland",24,7,66.6,57.6,67.9,9.03,-5.58,-2.4,3.09,93.78,92.18,2024
"148","South Dakota","Summit",23,13,70.9,64.6,69.9,6.25,-1.54,0.54,0.04,93.67,93.06,2024
"149","San Francisco","WCC",14,16,66.8,67.1,72.7,-0.3,1.47,1.11,-0.71,91.23,90.89,2024
"150","New Mexico","MWC",21,11,64.7,60.8,70.7,3.94,-3,-1.85,2.14,88.83,88.42,2024
"151","Montana State","Big Sky",17,16,58.7,58,67.5,0.7,-0.57,-6.16,6.28,84.96,84.96,2024
"152","Vermont","AEC",25,12,59.4,52.8,61.7,6.59,-6.25,-6.38,6.47,93.22,92.18,2024
"153","UAB","AAC",18,14,71.9,69.8,71.4,2.13,-1.78,6.78,-6.71,99.34,99.6,2024
"154","Southern Indiana","OVC",25,7,72.1,62.4,71.7,9.66,-7.07,1.4,-1.4,92.92,92.6,2024
"155","Stephen F. Austin","WAC",22,12,75.6,68.6,75,7,-3.24,5.26,-5.6,93.27,93.56,2024
"156","Illinois-Chicago","MVC",18,16,69.2,66.2,72.9,2.94,-3.36,-0.04,-0.38,89.13,90.01,2024
"157","Northwestern","Big Ten",9,21,66.1,80.3,72.5,-14.17,13.61,5.01,-5.57,96.46,97.25,2024
"158","College of Charleston","CAA",22,10,75.3,62.8,74.7,12.53,-8.7,4.58,-5.21,92.65,94.17,2024
"159","North Carolina A&T","CAA",22,12,64.2,56.8,70.1,7.38,-4.64,-4.37,3.42,86.92,87.94,2024
"160","Pennsylvania","Ivy",15,13,65.6,63.4,68.6,2.14,0.63,0.19,-1.14,92.14,93.91,2024
"161","Monmouth","CAA",22,10,64.1,58.3,68.7,5.81,-6.08,-3.16,1.79,88.35,90.28,2024
"162","Western Kentucky","CUSA",15,17,64.4,63.5,70.6,0.88,-0.4,-1.29,-0.08,88.7,90.79,2024
"163","Brown","Ivy",16,11,63.1,61.8,69.8,1.33,-0.68,-1.36,-0.05,88.93,91.51,2024
"164","Loyola (IL)","A-10",15,16,62.8,63.3,68.3,-0.48,-1.17,-4.07,2.43,90.14,91.82,2024
"165","Central Arkansas","A-Sun",21,12,65.7,59,69.1,6.67,-5.8,-3.39,1.56,89.35,91.78,2024
"166","Louisiana","Sun Belt",17,14,58.4,59,67,-0.65,0.27,-9.98,7.9,85.23,88.07,2024
"167","Louisiana Tech","CUSA",14,19,62.4,62.6,67.9,-0.24,1.13,-4.62,2.52,89.01,91.42,2024
"168","Texas A&M-Corpus Christi","Southland",23,9,66.8,57.9,72.1,8.91,-6.63,-2.48,0.14,86.54,89.73,2024
"169","Cal Poly","Big West",17,14,60.6,60.8,68.4,-0.19,-2.19,-4.51,2.13,86.5,89.99,2024
"170","Arkansas State","Sun Belt",13,17,66.3,63.9,68.2,2.47,-2.25,-1.4,-1.06,94.1,97.89,2024
"171","Drexel","CAA",19,15,57.2,55.9,63.7,1.32,-3.1,-9.48,7.01,88.04,91.58,2024
"172","Appalachian State","Sun Belt",17,15,72.2,73.4,77.7,-1.25,-1.48,4.28,-7.02,90.12,93.54,2024
"173","Fordham","A-10",12,17,62.4,62.2,69,0.28,-0.69,-2.41,-0.5,88.62,92.88,2024
"174","UC Davis","Big West",20,14,61.9,60,68.6,1.97,-2.36,-4.04,0.99,87.84,92.04,2024
"175","Florida International","CUSA",21,12,68.6,64.2,74,4.42,-5.02,-0.06,-2.99,88.04,92.55,2024
"176","Southeastern Louisiana","Southland",19,12,63.5,58,69.1,5.52,-4.93,-5.42,2.34,84.57,88.7,2024
"177","Saint Mary's (CA)","WCC",13,18,61,65.3,65.7,-4.26,1.78,-3.2,0.05,92.79,97.78,2024
"178","Albany (NY)","AEC",25,7,60.9,51.3,63.1,9.63,-10.26,-8.46,5.2,88.65,92.99,2024
"179","George Washington","A-10",13,18,58.5,58.2,67.1,0.26,-1.51,-7.74,4.47,84.93,89.89,2024
"180","Northern Colorado","Big Sky",15,16,65.1,62.5,67.7,2.61,-2.99,-3.26,-0.01,90.45,95.03,2024
"181","Bowling Green State","MAC",16,15,67.4,70,68.9,-2.61,-0.74,0.97,-4.32,95.53,100.52,2024
"182","Towson","CAA",20,11,66.8,65.4,71.6,1.42,-4.78,0.1,-3.46,88.86,94.32,2024
"183","Air Force","MWC",15,17,63.3,66.3,70.7,-3,0.25,-1.83,-1.62,88.42,93.62,2024
"184","Holy Cross","Patriot",21,13,62.9,56.9,66.3,6.06,-8.52,-5.69,2.17,87.8,92.9,2024
"185","San Diego","WCC",9,22,62.8,66.9,69.8,-4.06,2.47,-2.35,-1.18,90.07,94.89,2024
"186","Nevada","MWC",16,16,64.3,65,70.7,-0.72,-1.68,-1.96,-1.59,87.49,92.18,2024
"187","Wichita State","AAC",10,22,64,69.9,73,-5.84,2.11,-0.88,-2.86,86.93,92.23,2024
"188","Abilene Christian","WAC",14,16,69.9,66.1,70.1,3.8,-5.42,0.29,-4.05,93.15,98.83,2024
"189","Buffalo","MAC",19,14,65.9,63.6,69.5,2.33,-5.14,-2.09,-1.89,89.91,95.9,2024
"190","William & Mary","CAA",15,14,63.2,62.6,72.5,0.66,-4.71,-2.72,-1.34,85.77,91.98,2024
"191","Eastern Kentucky","A-Sun",22,12,71.9,64,74.5,7.85,-6.9,0.33,-4.48,88.34,93.97,2024
"192","Fresno State","MWC",15,18,64.3,63,68.1,1.27,-3.05,-2.89,-1.42,90.72,97.66,2024
"193","Idaho","Big Sky",15,16,59.8,57.2,65.6,2.58,-4.97,-8.5,4.18,85.04,91.35,2024
"194","Southern Illinois","MVC",11,20,65.6,68.5,72.6,-2.84,-1.48,-2.11,-2.21,85.97,92.04,2024
"195","Wright State","Horizon",18,15,70.2,70.8,71.5,-0.61,-1.85,2.53,-6.99,92.07,98.55,2024
"196","Wofford","Southern",17,13,66.6,61.1,70.7,5.5,-6.31,-0.59,-3.91,90.63,97.01,2024
"197","Austin Peay","A-Sun",17,16,62.3,60.2,67.6,2.09,-5.98,-7.54,3.03,84.98,90.99,2024
"198","Long Beach State","Big West",15,18,67.9,69.5,76.5,-1.55,-2.3,3,-7.53,86.68,93.29,2024
"199","Loyola Marymount","WCC",11,19,60.4,65.3,67.1,-4.97,2.24,-4.15,-0.43,89.42,96.98,2024
"200","Florida Atlantic","AAC",11,19,61,65.6,68.3,-4.6,0.73,-5,0.35,88.35,95.38,2024
"201","Georgia State","Sun Belt",15,15,69.8,68.5,74,1.27,-3.22,0.37,-5.06,90.19,97.13,2024
"202","Delaware","CAA",11,20,67.4,66.5,73.8,0.97,-5.69,1.18,-5.9,87.06,94.34,2024
"203","UT Arlington","WAC",17,16,69.9,71.6,73.8,-1.76,-3,2.03,-6.79,90.94,96.96,2024
"204","Mercer","Southern",15,17,64.8,64.3,68.7,0.44,-5.26,-1.04,-3.79,89.28,95.92,2024
"205","Milwaukee","Horizon",16,16,66.2,62.7,68.3,3.5,-5.85,-4.29,-0.59,90.17,96.87,2024
"206","Arkansas-Pine Bluff","SWAC",17,16,73,67.8,77.4,5.21,-6.12,2.78,-7.71,88.55,95.79,2024
"207","New Mexico State","CUSA",13,18,60.5,61.5,68.6,-1.03,-2.72,-6.95,1.99,84.77,91.61,2024
"208","UC Riverside","Big West",18,14,58.4,58.3,68,0.09,-3.29,-8.22,3.19,82.55,90,2024
"209","Utah Tech","WAC",18,14,73.2,68.3,72.8,4.88,-5.88,1.45,-6.53,92.75,100.1,2024
"210","Texas State","Sun Belt",14,18,64.9,63.5,70.5,1.41,-3.96,-5.25,0.13,87.8,95.02,2024
"211","Idaho State","Big Sky",11,19,59.5,61.7,67.7,-2.2,-1.81,-6.78,1.34,84.1,92.02,2024
"212","East Tennessee State","Southern",18,12,59.4,55.6,64.3,3.8,-7.86,-8.98,3.51,86.11,93.34,2024
"213","Colgate","Patriot",20,14,61.8,55.7,65.1,6.12,-9.57,-6.69,1.15,88.07,96.02,2024
"214","Niagara","MAAC",21,14,70.8,70.1,80.2,0.69,-6.24,4.12,-9.68,84.09,92.54,2024
"215","UC Santa Barbara","Big West",16,15,64.9,62.7,68.1,2.23,-4.76,-3.41,-2.24,89.34,97.85,2024
"216","Siena","MAAC",18,12,68.4,63.9,73.2,4.5,-10.17,0.53,-6.2,87.96,96.54,2024
"217","Lipscomb","A-Sun",17,13,67.9,66.1,71.8,1.8,-4.99,-1.3,-4.44,87.85,95.53,2024
"218","Campbell","CAA",17,14,60.8,55.1,65.8,5.71,-7.09,-9.57,3.69,86.01,94.34,2024
"219","UTEP","CUSA",12,19,67,71.5,71.1,-4.48,-0.27,1.7,-7.62,92.72,100.91,2024
"220","UNC Greensboro","Southern",21,12,63.4,56.2,65.8,7.27,-7.99,-6.56,0.37,87.95,96.13,2024
"221","Coastal Carolina","Sun Belt",12,21,66.6,71.4,74.4,-4.79,-0.58,-0.3,-5.96,87.37,96.24,2024
"222","Georgia Southern","Sun Belt",15,18,72.3,70.4,80.2,1.88,-5,1.34,-7.64,84.07,93.73,2024
"223","UC San Diego","Big West",12,19,58.4,58.1,67,0.35,-3.07,-9.9,3.41,81.1,90.96,2024
"224","Tennessee Tech","OVC",16,15,69.9,66.9,70.8,3.03,-7.02,-0.38,-6.44,89.62,99.49,2024
"225","Tennessee-Martin","OVC",16,17,63.2,63.2,67.2,0.03,-6.04,-6.21,-0.67,89.11,98.82,2024
"226","Northern Kentucky","Horizon",11,20,68.3,73.4,72,-5.1,-1.87,1.29,-8.56,91.59,101.93,2024
"227","Southern","SWAC",15,15,60.6,62.5,71.9,-1.83,-3.45,-7.03,-0.25,82.22,92.27,2024
"228","Sacred Heart","NEC",24,10,65.9,56.4,67.7,9.53,-15.71,-4.54,-3.01,86.11,97.49,2024
"229","Incarnate Word","Southland",19,11,62.5,57.4,66,5.07,-8.84,-8.48,0.83,86.29,95.72,2024
"230","Howard","MEAC",15,16,58.9,57.7,70.2,1.26,-8.95,-8.32,0.63,79.3,90.02,2024
"231","Youngstown State","Horizon",14,18,60.6,62.7,68.7,-2.09,-4.29,-7.89,-0.05,83.52,94.43,2024
"232","Little Rock","OVC",12,18,55.6,60.7,66.3,-5.03,-2.95,-12.03,4.05,80.35,91.97,2024
"233","St. Thomas","Summit",15,16,67.8,71.2,72.6,-3.32,-2.2,-1.74,-6.49,87.92,99.15,2024
"234","Dayton","A-10",12,19,63.5,68.9,70.5,-5.42,0.5,-3.01,-5.25,87.52,98.89,2024
"235","Grambling","SWAC",23,10,71.9,64.1,78.4,7.82,-8.52,-1.75,-6.63,83.2,93.34,2024
"236","Binghamton","AEC",14,17,61.9,60.3,66.6,1.65,-9.4,-5.67,-2.91,87.98,100.66,2024
"237","Western Michigan","MAC",12,18,62.2,65.7,69.1,-3.5,-4.54,-5.09,-3.52,87.21,99.39,2024
"238","Yale","Ivy",8,19,60.7,68.4,68.3,-7.7,-0.95,-4.03,-4.63,87.01,100.14,2024
"239","Maryland-Eastern Shore","MEAC",15,15,62.2,59.3,70.8,2.9,-9.1,-7.11,-1.82,83.13,96.13,2024
"240","Boston University","Patriot",20,12,62.6,61.6,66.3,1.03,-8.98,-5.39,-3.59,86.21,99.34,2024
"241","Lehigh","Patriot",17,13,68.8,65.4,71.4,3.4,-11.44,0.03,-9.2,87.55,101.86,2024
"242","Detroit Mercy","Horizon",17,16,60.2,63.5,69.6,-3.21,-5.98,-8.88,-0.31,81.01,93.53,2024
"243","Western Illinois","OVC",18,12,74.3,66.5,73.7,7.83,-10.99,-0.41,-8.93,86.05,98.88,2024
"244","Cal State Fullerton","Big West",10,21,59,65.4,69.1,-6.42,-2.93,-5.94,-3.41,85.02,98.68,2024
"245","Indiana State","MVC",11,21,64.2,71.7,72.8,-7.53,-1.7,-4.41,-5,85.48,97.89,2024
"246","Akron","MAC",11,18,62.3,66.1,68,-3.79,-5.63,-5.91,-3.51,84.81,98.46,2024
"247","Morehead State","OVC",15,15,66.3,65.6,71.4,0.7,-6.11,-4.41,-5.03,83.44,96.91,2024
"248","Stetson","A-Sun",17,15,57.8,58.8,68.5,-1.03,-6.43,-11.76,2.27,78.67,92.04,2024
"249","Jacksonville State","CUSA",12,17,59,63.1,70,-4.1,-2.65,-8.88,-0.62,79.2,92.87,2024
"250","Oakland","Horizon",12,17,71.4,72.9,73.6,-1.52,-2.62,1.34,-10.89,87.88,101.28,2024
"251","Northern Illinois","MAC",15,16,64.4,65.6,71.4,-1.19,-6.34,-5.05,-4.72,83.1,96.64,2024
"252","Denver","Summit",8,22,64.4,69.7,68.8,-5.3,-3.58,-4.36,-5.46,88.66,102.76,2024
"253","Jacksonville","A-Sun",11,20,65.3,70.6,74.9,-5.29,-3.08,-3.25,-6.73,84.83,97.68,2024
"254","Eastern Illinois","OVC",15,18,65.7,67.8,70.7,-2.12,-8.2,-4.17,-6.15,84.02,98.38,2024
"255","Bethune-Cookman","SWAC",15,16,66.4,60.8,73.8,5.55,-10.07,-6.52,-4.08,79.8,94.05,2024
"256","Samford","Southern",14,16,58.1,60.8,67.6,-2.73,-4.79,-11.11,0.43,79.55,95.2,2024
"257","Manhattan","MAAC",18,12,57.2,56.7,65,0.5,-11.33,-11.34,0.51,81.67,97.12,2024
"258","Kennesaw State","A-Sun",11,19,58.9,64.2,69.3,-5.33,-2.5,-7.76,-3.09,81.48,96.69,2024
"259","Coppin State","MEAC",12,18,55.3,59.8,68.1,-4.53,-6.54,-11.66,0.59,78.92,95.2,2024
"260","Kansas City","Summit",12,20,64.5,66,72,-1.47,-5.19,-8.62,-2.6,80.03,95.51,2024
"261","Cornell","Ivy",7,19,56,67.4,69.4,-11.42,0.03,-7.88,-3.52,79.95,96.54,2024
"262","San Jose State","MWC",7,24,60.3,66.2,69,-5.87,-2.26,-7.11,-4.35,84.12,100.8,2024
"263","Ohio","MAC",11,19,63.8,71.5,75.6,-7.67,-3.89,-3.58,-7.98,80.94,96.5,2024
"264","Loyola (MD)","Patriot",16,15,59,61.3,65.3,-2.26,-9.39,-9.02,-2.62,84.95,102.43,2024
"265","Canisius","MAAC",17,14,60.6,61.8,66.7,-1.13,-10.37,-7.91,-3.89,84.18,100.99,2024
"266","UMass","A-10",5,27,58,71.2,70.2,-13.13,0.99,-5.35,-6.79,83.19,100.34,2024
"267","Weber State","Big Sky",8,25,57,66.6,67.6,-9.61,-1.8,-8.2,-3.94,82.22,100.02,2024
"268","Bucknell","Patriot",13,18,55.9,61.2,66.7,-5.29,-6.89,-11.32,-0.87,79.96,98.12,2024
"269","High Point","Big South",20,12,62.7,63.9,70,-1.22,-8.81,-5.75,-6.46,83.25,100.04,2024
"270","Alabama A&M","SWAC",15,16,61.7,61.9,70.5,-0.13,-11.1,-9.47,-2.77,80.34,97.1,2024
"271","Nicholls State","Southland",14,18,62.9,63.2,71.1,-0.25,-8.85,-7.69,-4.57,81.74,98.5,2024
"272","Furman","Southern",15,16,66.2,64.1,70.5,2.1,-8.65,-5.84,-6.45,83.26,100.24,2024
"273","Southern Utah","WAC",8,22,65.7,73.6,69.9,-7.87,-3.85,-3.54,-8.94,88.34,105.46,2024
"274","Sacramento State","Big Sky",6,25,56.7,66.9,67.7,-10.16,-2.34,-9.07,-3.43,81.36,99.83,2024
"275","North Alabama","A-Sun",12,18,68,72.5,74.2,-4.5,-4.91,-0.7,-11.81,85.33,102.2,2024
"276","East Texas A&M","Southland",15,16,68.9,72.5,76.6,-3.58,-6.06,1.23,-13.84,85.59,101.99,2024
"277","Tarleton State","WAC",11,20,61.4,65.4,70,-4.06,-6.2,-9.86,-2.8,81.22,98.25,2024
"278","La Salle","A-10",8,22,57.6,70.8,70.6,-13.17,0.38,-6.15,-6.64,81.13,99.7,2024
"279","Northwestern State","Southland",11,19,58.4,61.6,70.1,-3.2,-5.59,-12.42,-0.46,77.4,94.77,2024
"280","New Orleans","Southland",11,19,62.2,68.3,74.4,-6.17,-6.9,-5.1,-7.98,78.03,95.26,2024
"281","IU Indianapolis","Horizon",7,23,64.5,75.1,74.6,-10.63,-2.45,-2.05,-11.04,83.03,100.33,2024
"282","Bryant","AEC",15,15,60.6,61,67.3,-0.43,-9.07,-8.64,-4.57,80.83,100.02,2024
"283","St. Bonaventure","A-10",4,26,54.7,66.5,68.3,-11.83,-1.53,-9.93,-3.44,79.7,98.86,2024
"284","Utah Valley","WAC",10,19,59.8,65.5,70.8,-5.66,-6.31,-10.41,-2.97,76.64,95.14,2024
"285","Omaha","Summit",8,23,72.3,81.2,75.7,-8.84,-2.17,3.23,-16.64,90.41,108.04,2024
"286","Sam Houston","CUSA",7,22,66.2,72.3,75.2,-6.1,-2.56,-2.41,-11.01,81.21,98.9,2024
"287","Miami (OH)","MAC",9,20,53.9,63.8,66.9,-9.83,-3.76,-13.65,0.06,76.22,95.97,2024
"288","Xavier","Big East",1,27,50.7,72.6,68.3,-21.93,8.34,-9.15,-4.45,79.76,100.32,2024
"289","Le Moyne","NEC",18,15,57.9,61.2,66.8,-3.27,-10.38,-11.08,-2.57,79.97,99.24,2024
"290","Quinnipiac","MAAC",13,18,59.3,64.6,68.2,-5.29,-8.47,-8.13,-5.63,82.08,101.88,2024
"291","Elon","CAA",11,21,53.1,61.3,68.4,-8.28,-4.76,-13.77,-0.05,74.15,94.32,2024
"292","North Florida","A-Sun",9,21,63.5,68.2,69.4,-4.63,-4.05,-6.56,-7.38,82.63,102.01,2024
"293","Southeast Missouri State","OVC",9,20,62.1,66.7,73,-4.62,-6.87,-9.38,-4.68,78.25,97.8,2024
"294","North Dakota","Summit",9,21,66.9,76.6,76.7,-9.7,-1.26,-1.79,-12.28,83.81,102.2,2024
"295","Cal State Bakersfield","Big West",8,21,58.7,67,68.7,-8.28,-5.25,-7.38,-6.72,83.31,103.56,2024
"296","Valparaiso","MVC",5,25,61.8,72.8,71.7,-11,-3.11,-6.89,-7.22,83.03,101.86,2024
"297","Mount St. Mary's","MAAC",14,17,54.5,58.5,67.4,-4,-10.26,-13.97,-0.3,75.27,95.79,2024
"298","American","Patriot",10,20,60.8,66,70.3,-5.23,-9.09,-7.14,-7.18,79.79,100.63,2024
"299","Hofstra","CAA",11,21,56.6,58.9,67.6,-2.31,-9.22,-13.15,-1.33,76.16,97.29,2024
"300","New Hampshire","AEC",9,20,54.1,58.8,65.7,-4.66,-8.63,-13.23,-1.44,76.07,97.69,2024
"301","Texas-Rio Grande Valley","WAC",6,23,59.6,71,71.4,-11.41,-3.4,-9.04,-5.78,79.47,99.94,2024
"302","Seattle","WAC",6,23,63.6,75.2,72,-11.59,-3.39,-3.8,-11.17,84.04,104.48,2024
"303","South Alabama","Sun Belt",9,23,60.7,71.5,73,-10.81,-1.92,-7.97,-7.11,79.43,100.34,2024
"304","Northeastern","CAA",10,17,57.5,64.6,66.1,-7.11,-7.98,-10.19,-4.91,81.98,104.48,2024
"305","Tennessee State","OVC",11,19,62.1,68.1,73,-6.07,-8.26,-7.88,-7.34,77.23,98.29,2024
"306","Maryland-Baltimore County","AEC",10,19,58.4,63,67.4,-4.59,-8.71,-10.03,-5.24,77.91,100.04,2024
"307","Army","Patriot",12,17,59.2,62.3,67.9,-3.07,-9.81,-9.71,-5.62,80.32,102.46,2024
"308","Navy","Patriot",14,17,61.8,63.7,71.4,-1.9,-9.98,-8.24,-7.08,77.76,99.17,2024
"309","NJIT","AEC",12,18,57.4,62.5,67.9,-5.03,-10.52,-9.46,-6.1,76.77,99.21,2024
"310","Presbyterian","Big South",21,15,57.6,58.9,67.7,-1.36,-11.13,-14.2,-1.41,77.84,99.16,2024
"311","Bellarmine","A-Sun",10,19,67.2,75,75.2,-7.83,-4.47,-2.76,-12.93,83.73,103.95,2024
"312","Portland State","Big Sky",8,23,56.3,67.6,65.2,-11.29,-3.1,-10.24,-5.65,82.26,106.48,2024
"313","Radford","Big South",15,18,57.5,61.4,68.6,-3.94,-11.29,-12.97,-3.13,76.07,98.14,2024
"314","Alcorn State","SWAC",12,20,54.1,63,69.8,-8.88,-5.89,-15.16,-0.95,75.84,97.09,2024
"315","Eastern Michigan","MAC",7,22,57.3,67.5,70.2,-10.24,-4.72,-11.49,-4.73,75.9,99,2024
"316","Pepperdine","WCC",5,25,54.2,70.1,69.5,-15.9,2.4,-12.22,-4.02,76.08,100.06,2024
"317","Iona","MAAC",11,19,57.6,63.2,66.7,-5.6,-10.85,-10.73,-5.72,81.12,104.81,2024
"318","Central Michigan","MAC",6,22,61.5,71.7,73,-10.18,-5.18,-7.08,-9.51,77.84,99.98,2024
"319","Florida A&M","SWAC",9,21,59.8,70,72,-10.2,-6.45,-8.1,-8.56,79.17,101.85,2024
"320","Dartmouth","Ivy",7,19,48.5,58.4,63.3,-9.92,-3.29,-18.97,2.18,71.51,97.8,2024
"321","Lafayette","Patriot",10,20,55.9,63.6,65.6,-7.77,-9.47,-12.32,-4.91,78.89,104.88,2024
"322","Bradley","MVC",6,26,60.2,75.3,70.8,-15.09,-1.5,-8.43,-8.85,81.66,105.94,2024
"323","South Carolina Upstate","Big South",16,16,58.8,61.4,69.9,-2.56,-13.81,-12.09,-5.27,75.89,99.12,2024
"324","Lindenwood","OVC",7,21,64.8,72.1,70.7,-7.29,-8.22,-5.86,-11.58,84.39,108.64,2024
"325","Charleston Southern","Big South",11,19,61,66.6,72.7,-5.57,-11.28,-8.88,-8.61,77,100.55,2024
"326","FDU","NEC",14,17,58.4,61,65.5,-2.58,-13.52,-12.67,-5.12,78.87,104.96,2024
"327","Robert Morris","Horizon",6,24,55.3,66.4,68.8,-11.03,-3.88,-13.66,-4.22,74.55,100.33,2024
"328","SIU Edwardsville","OVC",5,26,68.1,77,74.3,-8.97,-6.47,-1.64,-16.37,84.83,109.17,2024
"329","Massachusetts-Lowell","AEC",4,25,51.9,63.6,67.4,-11.69,-6.55,-13.58,-4.66,73.12,99.99,2024
"330","Cal State Northridge","Big West",3,27,55.2,69.6,72.9,-14.47,-3.52,-10.17,-8.18,73.16,98.71,2024
"331","Marist","MAAC",6,25,55.5,63.9,69.2,-8.39,-9.96,-12.52,-5.82,72.3,98.85,2024
"332","Morgan State","MEAC",8,22,53.6,62.7,69.9,-9.13,-7.02,-13.83,-4.58,72.3,98.2,2024
"333","North Carolina Central","MEAC",16,15,65.7,65.9,78.4,-0.13,-10.94,-6.29,-12.32,72.58,97.38,2024
"334","Prairie View","SWAC",11,18,60.9,65.6,72.3,-4.62,-6.44,-9.35,-9.33,77.45,102.63,2024
"335","Merrimack","NEC",12,19,59.3,62.5,69.2,-3.29,-15.44,-11.27,-7.46,74.63,101.98,2024
"336","Rider","MAAC",10,21,54.9,64.6,67.4,-9.71,-9.59,-13.58,-5.72,76.11,104.39,2024
"337","Winthrop","Big South",14,16,56.8,60.2,68.6,-3.47,-12.78,-15.9,-3.44,72.35,99.44,2024
"338","Hampton","CAA",3,26,54.5,68.2,73.4,-13.72,-6.1,-11.5,-8.32,72.45,99.74,2024
"339","Evansville","MVC",4,28,62.8,81.1,76.3,-18.25,-1.64,-5.92,-13.97,77.05,102.8,2024
"340","UNC Asheville","Big South",11,20,59.5,60.5,69.5,-1,-15.72,-13.73,-6.27,74.18,101.95,2024
"341","Utah State","MWC",5,25,56.2,74,70.2,-17.77,-1.2,-8.29,-12.31,78.93,107.97,2024
"342","Central Connecticut State","NEC",9,21,57.9,66.1,68.6,-8.27,-13.27,-11.71,-9.82,75.31,106.04,2024
"343","Texas Southern","SWAC",7,22,56.5,69.9,72.8,-13.38,-5.91,-12.02,-9.81,73.19,101.79,2024
"344","Longwood","Big South",9,21,61,68.7,73.9,-7.67,-10.92,-11.19,-10.8,73.61,103.37,2024
"345","Houston Christian","Southland",6,23,53.7,65,69.5,-11.38,-4.34,-17.01,-5.25,70.64,102.11,2024
"346","Queens (NC)","A-Sun",7,22,62,70.4,74,-8.45,-8.26,-9.83,-12.89,73.75,104.73,2024
"347","Saint Peter's","MAAC",7,23,50.6,62.4,68.3,-11.87,-10.86,-18.83,-3.89,67.41,100.26,2024
"348","Western Carolina","Southern",6,24,56.8,66.4,67.9,-9.57,-7.38,-12.74,-10.16,75.74,108.41,2024
"349","Gardner-Webb","Big South",6,24,62.3,76.7,74.1,-14.43,-9.64,-5.87,-18.2,79.51,111.52,2024
"350","Mississippi Valley State","SWAC",4,27,55.5,77.1,76.3,-21.65,-2.59,-11.27,-12.96,71.99,102.84,2024
"351","Delaware State","MEAC",8,20,57.5,70.8,71.9,-13.25,-6.71,-12.6,-12.49,74.85,110.09,2024
"352","UNC Wilmington","CAA",5,25,54.5,72.8,73.1,-18.27,-5.45,-12.64,-12.94,71.14,106.2,2024
"353","Long Island University","NEC",8,22,58.2,67.8,69.7,-9.6,-17.18,-13.56,-13.22,72.06,110.32,2024
"354","McNeese State","Southland",6,25,65.2,78.4,77,-13.23,-5.36,-6.28,-20.94,78.38,113.12,2024
"355","Alabama State","SWAC",3,26,49.3,73.4,72.7,-24.03,-3.64,-17.84,-9.83,68.49,104.9,2024
"356","Wagner","NEC",7,21,55.3,67,70.8,-11.75,-16.39,-17.24,-12.55,65.69,108.25,2024
"357","South Carolina State","MEAC",2,28,48.3,69.1,68.8,-20.77,-9.1,-19.8,-10.07,66.65,109.91,2024
"358","Stonehill","NEC",4,26,52.2,69,69.4,-16.77,-13.4,-18.42,-11.75,66.66,109.55,2024
"359","Chicago State","Ind",1,26,59,83,76.9,-24.04,-4.05,-9.56,-22.07,71.14,111.7,2024
"360","Saint Francis (PA)","NEC",5,25,51.5,69.9,67.5,-18.4,-13.92,-18.9,-13.42,68.26,114.94,2024
"361","South Carolina","SEC",38,0,85.4,56.6,69.6,28.89,16.37,26.76,18.51,123.17,63.87,2023
"362","UConn","Big East",33,6,79.7,57.2,71.5,22.46,16.62,22.09,15.56,119.66,68.22,2023
"363","Iowa","Big Ten",34,5,91,71.9,76.2,19.1,17.95,32.73,4.32,126.21,77.95,2023
"364","Texas","Big 12",33,5,80.1,57.7,71.2,22.42,14.05,21.14,15.33,119.16,69.75,2023
"365","LSU","SEC",31,6,85.9,63.3,72.9,22.59,11.46,25.71,8.34,116.36,73.55,2023
"366","UCLA","Pac-12",27,7,77.3,61.1,69.2,16.18,17.82,19.24,14.76,116.38,70.44,2023
"367","Stanford","Pac-12",30,6,77.5,60,68.6,17.47,16.43,20.62,13.28,120.63,73.71,2023
"368","Notre Dame","ACC",28,7,78.6,61.1,71.7,17.51,14.74,19.24,13.02,110.98,68.75,2023
"369","Ohio State","Big Ten",26,6,79.3,64,76.2,15.31,16.76,19.21,12.58,114.75,72.47,2023
"370","NC State","ACC",31,7,73.4,60.7,71.6,12.71,17.7,16.26,14.15,111.21,70.86,2023
"371","USC","Pac-12",29,6,74.9,62.5,67.4,12.43,17.78,17.79,12.41,114.98,73.58,2023
"372","Indiana","Big Ten",26,6,79.5,64.4,72.1,15.13,14.38,18.03,11.47,117.01,77.45,2023
"373","Utah","Pac-12",23,11,77.4,62,73.7,15.38,15.46,18.07,10.62,116.61,77.84,2023
"374","Colorado","Pac-12",24,10,75.2,64.3,68.9,10.94,17.67,17.75,10.86,113.65,74.96,2023
"375","Baylor","Big 12",26,8,74.8,60.4,72.6,14.38,13.86,16.15,12.09,109.1,71.37,2023
"376","Kansas State","Big 12",26,8,71.7,57.9,73.8,13.74,14.42,11.85,16.3,107.42,69.68,2023
"377","Oregon State","Pac-12",27,8,70.9,59.8,70.2,11.17,16.76,13.53,14.41,112.39,74.17,2023
"378","Duke","ACC",22,12,68.2,57.9,68.1,10.32,17.25,10.02,17.55,106.7,69.53,2023
"379","West Virginia","Big 12",25,8,73.7,57.8,72.2,15.85,11.67,13.54,13.98,107.91,71.61,2023
"380","Virginia Tech","ACC",25,8,75.2,61.7,68.5,13.48,13.4,15.29,11.59,115.94,79.24,2023
"381","Michigan State","Big Ten",22,9,82.8,67,75.2,15.77,10.91,20.65,6.04,116.3,81.28,2023
"382","Gonzaga","WCC",32,4,80,60.3,67,19.67,6.64,17.97,8.33,119.17,82.28,2023
"383","Louisville","ACC",24,10,73.4,63.3,71.3,10.09,14.48,14.18,10.39,111.6,78.32,2023
"384","Tennessee","SEC",20,13,76.3,69.7,73.3,6.58,17.97,17.87,6.68,112.23,80.01,2023
"385","Penn State","Big Ten",22,13,82.7,71.8,74.1,10.91,12.65,22.4,1.16,112.41,81.94,2023
"386","Oklahoma","Big 12",23,10,76.5,69.1,79,7.36,15.85,18.36,4.85,107.33,76.94,2023
"387","Creighton","Big East",26,6,73.4,62.8,67,10.59,12.53,14.72,8.4,114.53,82.61,2023
"388","Iowa State","Big 12",21,12,75.4,69.1,72.2,6.24,16.7,16.35,6.59,112.52,81.94,2023
"389","Nebraska","Big Ten",23,12,72.4,64.2,71.6,8.2,14.64,12.43,10.41,108.65,77.42,2023
"390","Maryland","Big Ten",19,14,77.9,73.3,75.3,4.64,17.97,18.54,4.06,109.79,80.39,2023
"391","Washington State","Pac-12",21,15,69.1,61.8,68.1,7.31,14.57,10.26,11.62,108.25,78.62,2023
"392","Alabama","SEC",24,10,73.1,62.2,68.9,10.94,10.84,11.9,9.88,108.02,78.64,2023
"393","Ole Miss","SEC",24,9,68.5,59.4,69.5,9.12,12.19,7.79,13.52,103.18,74.43,2023
"394","Texas A&M","SEC",19,13,68.4,58.7,68.9,9.66,11.6,7.72,13.54,102.95,74.28,2023
"395","Arizona","Pac-12",18,16,69.9,65.8,72.2,4.09,17.17,12.64,8.61,106.01,77.07,2023
"396","UNC","ACC",20,13,67.8,62.5,72.2,5.27,15.69,9.52,11.44,104.49,76.16,2023
"397","Kansas","Big 12",20,13,68.2,64.3,71.8,3.88,16.46,10.53,9.81,108.47,80.54,2023
"398","Mississippi State","SEC",23,12,75.6,65.8,71.3,9.86,10.19,14.87,5.19,111.24,84.64,2023
"399","Auburn","SEC",20,12,66.4,58.8,74.2,7.56,12.35,6.2,13.71,97.75,71.74,2023
"400","Florida State","ACC",23,11,78.5,71.5,77.1,7.06,12.79,18.8,1.05,107.16,81.22,2023
"401","Syracuse","ACC",24,8,74,65.7,74.6,8.34,11.34,13.2,6.48,108.42,82.39,2023
"402","UNLV","MWC",30,3,79,59.1,70.5,19.97,-0.34,13.71,5.93,111.1,83.59,2023
"403","Illinois","Big Ten",19,15,74.5,67.5,70.3,7.03,12.48,13.13,6.38,110.45,83.91,2023
"404","Michigan","Big Ten",20,14,70,64.3,71.8,5.71,13.39,8.68,10.42,105.27,79.93,2023
"405","Marquette","Big East",23,9,69.6,59.5,68.6,10.13,8.85,9.03,9.95,103.6,78.28,2023
"406","Washington","Pac-12",16,15,64.2,59,66.7,5.16,13.48,5.23,13.42,103.68,78.12,2023
"407","TCU","Big 12",21,12,69.5,60.9,72.4,8.61,10.47,7.6,10.55,106.66,81.97,2023
"408","Miami (FL)","ACC",19,12,66.6,60.4,70.9,6.29,11.11,5.98,11.42,102.59,78.75,2023
"409","Villanova","Big East",22,13,64.8,59.6,66.6,5.2,12.07,6,11.27,104.51,80.38,2023
"410","Princeton","Ivy",25,5,69.2,56.2,66.9,12.97,4.13,6.45,10.65,106.19,81.28,2023
"411","Oklahoma State","Big 12",14,16,69,66.4,72,2.53,14.47,9.67,7.33,105.5,82.51,2023
"412","Middle Tennessee","CUSA",30,5,71.4,55.5,68.2,15.86,0.87,5.38,11.35,106.23,81.66,2023
"413","Vanderbilt","SEC",23,10,68.5,62.3,70.6,6.15,10.27,7.31,9.11,101.96,79.96,2023
"414","California","Pac-12",19,15,66.2,65.3,70.4,0.85,14.88,8.6,7.13,105.42,83.87,2023
"415","Virginia","ACC",16,16,72.5,69.1,73.4,3.34,12.26,12.93,2.67,104.25,83.78,2023
"416","Florida","SEC",16,16,74.7,71.3,74,3.34,12.01,14.05,1.31,105.52,84.63,2023
"417","Columbia","Ivy",23,7,75.7,63.5,73.6,12.2,2.19,12.69,1.7,109.62,89.84,2023
"418","Green Bay","Horizon",27,7,73.9,58.1,66.7,15.74,-0.81,6.13,8.09,108.33,86.76,2023
"419","Florida Gulf Coast","A-Sun",29,5,74.9,55,69.4,19.85,-2.61,6.19,7.9,105.72,84.8,2023
"420","Minnesota","Big Ten",20,16,69.5,66.1,76.4,3.39,10.64,5.82,8.21,100.85,82.81,2023
"421","Richmond","A-10",29,6,73.1,61,70,12.09,1.88,9.81,4.15,107.25,87.31,2023
"422","Seton Hall","Big East",17,15,64.4,59.7,71.1,4.69,8.78,4.24,9.23,99.8,81.15,2023
"423","Purdue","Big Ten",15,19,68.2,68.3,71,-0.09,13.38,7.43,5.86,101.15,83.78,2023
"424","South Dakota State","Summit",27,6,73.6,60.2,71.5,13.42,0.47,5.43,7.75,101.4,82.64,2023
"425","Texas Tech","Big 12",17,16,64.9,62.8,70.7,2.03,11.03,4.81,8.26,100.39,83.18,2023
"426","Drake","MVC",29,6,81.2,70,74.8,11.23,1.77,14.43,-1.43,105.02,88.09,2023
"427","Arkansas","SEC",18,15,69.5,68.8,74,0.64,12.09,9.07,3.65,99.65,82.91,2023
"428","Georgia Tech","ACC",17,16,67.7,67,68.6,0.73,11.89,7.42,5.2,101.12,84.68,2023
"429","Boston College","ACC",14,19,71,69.7,74.1,1.3,10.79,10.67,1.43,101.38,85.88,2023
"430","Missouri","SEC",11,19,70,71,67.2,-1.03,12.94,9.47,2.44,103.73,88.75,2023
"431","Saint Joseph's","A-10",28,6,65.3,54.5,66.6,10.85,0.82,1.6,10.07,100.42,82.77,2023
"432","George Mason","A-10",23,8,71.1,58.7,68.9,12.39,0.36,5.83,5.63,99.19,83.04,2023
"433","Toledo","MAC",28,6,72.7,60.1,69.6,12.62,-0.41,6.64,4.68,100.89,85.06,2023
"434","Belmont","MVC",26,9,70.6,62.3,69.3,8.26,2.85,3.87,7.23,100.62,85.34,2023
"435","UCF","Big 12",12,17,64.1,64.6,71.5,-0.45,12.2,4.38,6.53,97.3,82.9,2023
"436","BYU","Big 12",16,17,65.4,65.7,67.3,-0.33,11.1,5.77,4.99,99.62,85.64,2023
"437","Clemson","ACC",12,19,69.6,70.3,71.5,-0.65,11.18,8.99,1.55,102.83,88.62,2023
"438","Cincinnati","Big 12",14,18,62.4,66,69.3,-3.59,13.48,3.09,6.8,96.67,83.28,2023
"439","Houston","Big 12",14,16,67.7,68.6,73.5,-0.97,10.7,7.37,2.36,96.6,85.01,2023
"440","Santa Clara","WCC",25,9,69.6,59.1,69.8,10.41,2.32,4.58,5.15,103.25,89.08,2023
"441","St. John's (NY)","Big East",18,15,60.4,58.2,64.9,2.21,7.31,0.06,9.46,99.22,85.66,2023
"442","Marshall","Sun Belt",26,7,85.3,71.8,67.5,13.48,-0.81,16.8,-7.29,102.18,90.97,2023
"443","Georgia","SEC",12,18,63.2,66.9,70.3,-3.7,13.12,2.79,6.63,94.86,83.05,2023
"444","Virginia Commonwealth","A-10",26,6,63.3,53.2,66,10.13,-0.05,-1.36,10.5,96.19,82.54,2023
"445","Georgetown","Big East",23,12,57.9,55.1,69.5,2.74,6.39,-3.08,12.21,93.31,80.48,2023
"446","Rhode Island","A-10",21,14,64.1,56.7,68.9,7.46,1.61,0.62,8.44,96.15,83.45,2023
"447","Oregon","Pac-12",11,21,59.8,67.3,70.2,-7.5,16.54,1.81,7.23,96.18,84.6,2023
"448","Stony Brook","CAA",28,5,72.9,57.6,70.6,15.27,-6.32,6.73,2.23,95.29,83.86,2023
"449","Ball State","MAC",28,6,72.7,60.9,72.5,11.76,-2.05,4.47,4.48,99.26,86.61,2023
"450","Temple","AAC",20,12,69.9,62.9,71.4,7.03,1.84,5.75,3.12,96.16,84.36,2023
"451","North Texas","AAC",23,9,74.3,64.2,68.9,10.16,0.76,8.46,0.36,99.23,87.49,2023
"452","Cleveland State","Horizon",29,6,74.3,61.4,72,12.94,-4.33,6.21,2.41,99.25,87.89,2023
"453","Davidson","A-10",18,8,65,55.4,65.7,9.58,-1.06,0.11,8.41,98.8,86.55,2023
"454","Rice","AAC",19,15,67.2,63,71.3,4.15,3.82,2.73,5.24,95.81,84.74,2023
"455","Arizona State","Pac-12",11,20,61.5,70.1,72.2,-8.65,16.42,4.13,3.64,97.85,88.02,2023
"456","DePaul","Big East",12,20,71.2,71.4,74.5,-0.16,7.74,11.59,-4,98.79,88.94,2023
"457","Eastern Washington","Big Sky",29,6,68.3,56.1,71.2,12.2,-3.31,1.61,5.78,94.35,83.67,2023
"458","Tulsa","AAC",25,10,70.9,66.9,72.1,3.94,3.44,6.8,0.58,96.94,87.56,2023
"459","Portland","WCC",21,13,67.9,62.4,69.5,5.5,3.77,2.82,4.29,91.9,82.51,2023
"460","Harvard","Ivy",16,12,68.9,63.4,70.3,5.46,1.6,4.59,2.48,98.89,89.4,2023
"461","Wisconsin","Big Ten",15,17,62.7,67.9,72.1,-5.16,12.11,0.24,6.71,92.43,83.94,2023
"462","South Florida","AAC",19,14,64.2,60.2,67.9,4,2.93,-0.56,7.49,96.12,87.18,2023
"463","Northern Iowa","MVC",16,16,73.4,70.5,71.3,2.94,3.79,7.15,-0.42,101.46,92.13,2023
"464","East Carolina","AAC",19,14,65.6,62.8,71.5,2.82,3.69,2.59,3.91,91.87,84.76,2023
"465","Grand Canyon","WAC",24,8,69.5,56.2,72.8,13.28,-5.01,-1.19,7.5,93.76,83.9,2023
"466","Wake Forest","ACC",7,25,59.5,67.6,67,-8.06,14.11,-0.12,6.17,95.55,88.41,2023
"467","Troy","Sun Belt",22,12,80.9,75,82.6,5.82,0.21,16.07,-10.03,99.5,92.45,2023
"468","Murray State","MVC",20,12,84.5,75.2,68,9.28,-2,16.28,-10.58,102.77,95.74,2023
"469","Montana","Big Sky",23,10,72.5,63.8,69.9,8.64,-1.64,6.51,-0.83,102.67,94.59,2023
"470","Missouri State","MVC",23,10,69.3,63.6,71.2,5.67,-0.14,1.76,3.77,96.66,88.73,2023
"471","Colorado State","MWC",20,11,68.6,61.2,68.7,7.39,-1.03,2.22,3.18,96.52,88.91,2023
"472","Wyoming","MWC",18,15,63.8,59.8,64.7,3.97,2.56,-0.79,6,97.81,90.21,2023
"473","Fairfield","MAAC",31,2,72.5,55.2,69.8,17.3,-10.1,2.88,2.14,95.6,89.09,2023
"474","James Madison","Sun Belt",23,12,72.3,66.5,70.3,5.77,1.2,5.26,-0.27,94.8,88.42,2023
"475","North Dakota State","Summit",22,12,75.4,68.5,73,6.97,-0.04,6.09,-1.09,99.82,93.33,2023
"476","Jackson State","SWAC",26,7,71.4,57.5,71.9,13.88,-4.55,1.85,2.91,94.67,87.44,2023
"477","Butler","Big East",15,17,62.5,62,66.5,0.5,5.95,-0.47,5.19,97.34,91.77,2023
"478","Southern Methodist","AAC",14,16,69.8,68.3,69.4,1.5,3.1,5.92,-1.33,97.23,91.27,2023
"479","Providence","Big East",13,21,58,61.5,68.9,-3.56,7.99,-2.56,7,89.87,84.1,2023
"480","Memphis","AAC",13,17,67.6,69.3,70.4,-1.7,6.08,4.48,-0.1,90.92,85.18,2023
"481","Kentucky","SEC",12,20,64.4,74.4,75.1,-10,14.28,5.38,-1.1,95.35,89.82,2023
"482","Kent State","MAC",21,11,71.8,62.8,68.9,9,-0.65,4.88,-0.66,97.95,91.91,2023
"483","Illinois State","MVC",22,12,74.3,68.6,67.8,5.68,-0.9,5.42,-1.61,98.29,93.61,2023
"484","Charlotte","AAC",16,15,64.5,63,69,1.52,2.13,0.48,3.17,89.7,85.2,2023
"485","California Baptist","WAC",28,4,80.3,71.3,76.2,9,-5.67,11.54,-8.22,95.88,92.45,2023
"486","Rutgers","Big Ten",8,24,65.8,73,72.1,-7.16,10.42,4.49,-1.22,96.11,92.99,2023
"487","UTSA","AAC",18,15,64.6,63.5,70.7,1.15,1.97,-0.17,3.29,91.46,87.21,2023
"488","Maine","AEC",24,10,64.1,57,64.4,7.06,-3.98,-1.4,4.48,95.12,90.62,2023
"489","UC-Irvine","Big West",23,9,63,55.7,66.1,7.31,-4.46,-3.33,6.18,91.14,86.79,2023
"490","Chattanooga","Southern",28,5,64.2,54.5,64.1,9.76,-5.36,-5,7.8,95.64,90.08,2023
"491","Duquesne","A-10",21,13,69,67,70.5,2.03,0.62,5.29,-2.64,97.36,94.02,2023
"492","Northern Arizona","Big Sky",25,10,75.3,70.1,74.9,5.26,-1.32,10.49,-7.99,98.55,95.46,2023
"493","Old Dominion","Sun Belt",22,10,64,60.3,72.6,3.72,-0.73,-3.83,6.22,85.06,82.11,2023
"494","Pittsburgh","ACC",8,24,60.8,69.1,70.1,-8.31,10.55,-0.18,2.41,91.76,89.9,2023
"495","Pacific","WCC",19,15,71.3,69.9,75.1,1.44,2.56,6.24,-4.11,93.46,90.48,2023
"496","Saint Louis","A-10",22,18,72.1,70,74,2.05,3.14,7.36,-5.3,97.74,94.68,2023
"497","Liberty","CUSA",18,16,65.7,66.7,67.2,-0.97,4.12,2.48,-0.71,98.81,96.27,2023
"498","Hawaii","Big West",20,11,59.5,56.3,65.6,3.23,-1.53,-4.68,6.37,90.77,88.29,2023
"499","Boise State","MWC",21,14,64,58.9,71.1,5.09,-1.96,-1.96,3.49,89.16,87.18,2023
"500","Southern Mississippi","Sun Belt",20,14,67.5,63.5,69,3.97,-1.41,-0.99,2.4,90.69,88.78,2023
"501","Purdue Fort Wayne","Horizon",23,13,70.9,63.4,70.6,7.56,-3.19,1.16,0.21,93.12,91.16,2023
"502","Norfolk State","MEAC",27,6,67,53.1,70.7,13.91,-11.3,-2.57,3.86,91.24,89.24,2023
"503","Tulane","AAC",12,20,64.4,65.6,69.6,-1.19,2.48,0.45,0.84,96.41,94.86,2023
"504","Oral Roberts","Summit",21,11,82.1,75.4,81.4,6.72,-0.52,12.34,-11.1,97.63,95.81,2023
"505","Louisiana-Monroe","Sun Belt",21,14,74.2,67.9,75.5,6.31,-2.07,5.07,-3.98,94.84,93.66,2023
"506","San Diego State","MWC",22,13,66.3,64.3,68.7,1.97,-0.53,1.02,-0.28,92.88,92.21,2023
"507","Lamar","Southland",24,7,66.6,57.6,66.3,9.03,-5.58,-2.4,3.09,93.78,92.18,2023
"508","South Dakota","Summit",23,13,70.9,64.6,70.1,6.25,-1.54,0.54,0.04,93.67,93.06,2023
"509","San Francisco","WCC",14,16,66.8,67.1,72.6,-0.3,1.47,1.11,-0.71,91.23,90.89,2023
"510","New Mexico","MWC",21,11,64.7,60.8,72.7,3.94,-3,-1.85,2.14,88.83,88.42,2023
"511","Montana State","Big Sky",17,16,58.7,58,71.2,0.7,-0.57,-6.16,6.28,84.96,84.96,2023
"512","Vermont","AEC",25,12,59.4,52.8,63.5,6.59,-6.25,-6.38,6.47,93.22,92.18,2023
"513","UAB","AAC",18,14,71.9,69.8,72.9,2.13,-1.78,6.78,-6.71,99.34,99.6,2023
"514","Southern Indiana","OVC",25,7,72.1,62.4,73.9,9.66,-7.07,1.4,-1.4,92.92,92.6,2023
"515","Stephen F. Austin","WAC",22,12,75.6,68.6,71.5,7,-3.24,5.26,-5.6,93.27,93.56,2023
"516","Illinois-Chicago","MVC",18,16,69.2,66.2,63.8,2.94,-3.36,-0.04,-0.38,89.13,90.01,2023
"517","Northwestern","Big Ten",9,21,66.1,80.3,75.1,-14.17,13.61,5.01,-5.57,96.46,97.25,2023
"518","College of Charleston","CAA",22,10,75.3,62.8,71.9,12.53,-8.7,4.58,-5.21,92.65,94.17,2023
"519","North Carolina A&T","CAA",22,12,64.2,56.8,72.1,7.38,-4.64,-4.37,3.42,86.92,87.94,2023
"520","Pennsylvania","Ivy",15,13,65.6,63.4,67.5,2.14,0.63,0.19,-1.14,92.14,93.91,2023
"521","Monmouth","CAA",22,10,64.1,58.3,68.2,5.81,-6.08,-3.16,1.79,88.35,90.28,2023
"522","Western Kentucky","CUSA",15,17,64.4,63.5,72.6,0.88,-0.4,-1.29,-0.08,88.7,90.79,2023
"523","Brown","Ivy",16,11,63.1,61.8,73.2,1.33,-0.68,-1.36,-0.05,88.93,91.51,2023
"524","Loyola (IL)","A-10",15,16,62.8,63.3,66.6,-0.48,-1.17,-4.07,2.43,90.14,91.82,2023
"525","Central Arkansas","A-Sun",21,12,65.7,59,65.1,6.67,-5.8,-3.39,1.56,89.35,91.78,2023
"526","Louisiana","Sun Belt",17,14,58.4,59,68,-0.65,0.27,-9.98,7.9,85.23,88.07,2023
"527","Louisiana Tech","CUSA",14,19,62.4,62.6,67.8,-0.24,1.13,-4.62,2.52,89.01,91.42,2023
"528","Texas A&M-Corpus Christi","Southland",23,9,66.8,57.9,67.9,8.91,-6.63,-2.48,0.14,86.54,89.73,2023
"529","Cal Poly","Big West",17,14,60.6,60.8,65.3,-0.19,-2.19,-4.51,2.13,86.5,89.99,2023
"530","Arkansas State","Sun Belt",13,17,66.3,63.9,74.7,2.47,-2.25,-1.4,-1.06,94.1,97.89,2023
"531","Drexel","CAA",19,15,57.2,55.9,65.5,1.32,-3.1,-9.48,7.01,88.04,91.58,2023
"532","Appalachian State","Sun Belt",17,15,72.2,73.4,73.8,-1.25,-1.48,4.28,-7.02,90.12,93.54,2023
"533","Fordham","A-10",12,17,62.4,62.2,74.9,0.28,-0.69,-2.41,-0.5,88.62,92.88,2023
"534","UC Davis","Big West",20,14,61.9,60,68.6,1.97,-2.36,-4.04,0.99,87.84,92.04,2023
"535","Florida International","CUSA",21,12,68.6,64.2,74.8,4.42,-5.02,-0.06,-2.99,88.04,92.55,2023
"536","Southeastern Louisiana","Southland",19,12,63.5,58,67.7,5.52,-4.93,-5.42,2.34,84.57,88.7,2023
"537","Saint Mary's (CA)","WCC",13,18,61,65.3,70.6,-4.26,1.78,-3.2,0.05,92.79,97.78,2023
"538","Albany (NY)","AEC",25,7,60.9,51.3,63,9.63,-10.26,-8.46,5.2,88.65,92.99,2023
"539","George Washington","A-10",13,18,58.5,58.2,68,0.26,-1.51,-7.74,4.47,84.93,89.89,2023
"540","Northern Colorado","Big Sky",15,16,65.1,62.5,65.5,2.61,-2.99,-3.26,-0.01,90.45,95.03,2023
"541","Bowling Green State","MAC",16,15,67.4,70,74.3,-2.61,-0.74,0.97,-4.32,95.53,100.52,2023
"542","Towson","CAA",20,11,66.8,65.4,71.6,1.42,-4.78,0.1,-3.46,88.86,94.32,2023
"543","Air Force","MWC",15,17,63.3,66.3,70.7,-3,0.25,-1.83,-1.62,88.42,93.62,2023
"544","Holy Cross","Patriot",21,13,62.9,56.9,66,6.06,-8.52,-5.69,2.17,87.8,92.9,2023
"545","San Diego","WCC",9,22,62.8,66.9,67.4,-4.06,2.47,-2.35,-1.18,90.07,94.89,2023
"546","Nevada","MWC",16,16,64.3,65,69.9,-0.72,-1.68,-1.96,-1.59,87.49,92.18,2023
"547","Wichita State","AAC",10,22,64,69.9,71.3,-5.84,2.11,-0.88,-2.86,86.93,92.23,2023
"548","Abilene Christian","WAC",14,16,69.9,66.1,69.7,3.8,-5.42,0.29,-4.05,93.15,98.83,2023
"549","Buffalo","MAC",19,14,65.9,63.6,68.2,2.33,-5.14,-2.09,-1.89,89.91,95.9,2023
"550","William & Mary","CAA",15,14,63.2,62.6,69.8,0.66,-4.71,-2.72,-1.34,85.77,91.98,2023
"551","Eastern Kentucky","A-Sun",22,12,71.9,64,76.1,7.85,-6.9,0.33,-4.48,88.34,93.97,2023
"552","Fresno State","MWC",15,18,64.3,63,65,1.27,-3.05,-2.89,-1.42,90.72,97.66,2023
"553","Idaho","Big Sky",15,16,59.8,57.2,72.3,2.58,-4.97,-8.5,4.18,85.04,91.35,2023
"554","Southern Illinois","MVC",11,20,65.6,68.5,75.4,-2.84,-1.48,-2.11,-2.21,85.97,92.04,2023
"555","Wright State","Horizon",18,15,70.2,70.8,70.1,-0.61,-1.85,2.53,-6.99,92.07,98.55,2023
"556","Wofford","Southern",17,13,66.6,61.1,69.7,5.5,-6.31,-0.59,-3.91,90.63,97.01,2023
"557","Austin Peay","A-Sun",17,16,62.3,60.2,66.4,2.09,-5.98,-7.54,3.03,84.98,90.99,2023
"558","Long Beach State","Big West",15,18,67.9,69.5,66.9,-1.55,-2.3,3,-7.53,86.68,93.29,2023
"559","Loyola Marymount","WCC",11,19,60.4,65.3,67.6,-4.97,2.24,-4.15,-0.43,89.42,96.98,2023
"560","Florida Atlantic","AAC",11,19,61,65.6,72.2,-4.6,0.73,-5,0.35,88.35,95.38,2023
"561","Georgia State","Sun Belt",15,15,69.8,68.5,68.5,1.27,-3.22,0.37,-5.06,90.19,97.13,2023
"562","Delaware","CAA",11,20,67.4,66.5,73.6,0.97,-5.69,1.18,-5.9,87.06,94.34,2023
"563","UT Arlington","WAC",17,16,69.9,71.6,76.6,-1.76,-3,2.03,-6.79,90.94,96.96,2023
"564","Mercer","Southern",15,17,64.8,64.3,68.1,0.44,-5.26,-1.04,-3.79,89.28,95.92,2023
"565","Milwaukee","Horizon",16,16,66.2,62.7,66.4,3.5,-5.85,-4.29,-0.59,90.17,96.87,2023
"566","Arkansas-Pine Bluff","SWAC",17,16,73,67.8,75.2,5.21,-6.12,2.78,-7.71,88.55,95.79,2023
"567","New Mexico State","CUSA",13,18,60.5,61.5,67.9,-1.03,-2.72,-6.95,1.99,84.77,91.61,2023
"568","UC Riverside","Big West",18,14,58.4,58.3,66.6,0.09,-3.29,-8.22,3.19,82.55,90,2023
"569","Utah Tech","WAC",18,14,73.2,68.3,74.4,4.88,-5.88,1.45,-6.53,92.75,100.1,2023
"570","Texas State","Sun Belt",14,18,64.9,63.5,68.9,1.41,-3.96,-5.25,0.13,87.8,95.02,2023
"571","Idaho State","Big Sky",11,19,59.5,61.7,66.7,-2.2,-1.81,-6.78,1.34,84.1,92.02,2023
"572","East Tennessee State","Southern",18,12,59.4,55.6,64.8,3.8,-7.86,-8.98,3.51,86.11,93.34,2023
"573","Colgate","Patriot",20,14,61.8,55.7,64.8,6.12,-9.57,-6.69,1.15,88.07,96.02,2023
"574","Niagara","MAAC",21,14,70.8,70.1,77.1,0.69,-6.24,4.12,-9.68,84.09,92.54,2023
"575","UC Santa Barbara","Big West",16,15,64.9,62.7,67,2.23,-4.76,-3.41,-2.24,89.34,97.85,2023
"576","Siena","MAAC",18,12,68.4,63.9,73,4.5,-10.17,0.53,-6.2,87.96,96.54,2023
"577","Lipscomb","A-Sun",17,13,67.9,66.1,69.9,1.8,-4.99,-1.3,-4.44,87.85,95.53,2023
"578","Campbell","CAA",17,14,60.8,55.1,66.8,5.71,-7.09,-9.57,3.69,86.01,94.34,2023
"579","UTEP","CUSA",12,19,67,71.5,68.4,-4.48,-0.27,1.7,-7.62,92.72,100.91,2023
"580","UNC Greensboro","Southern",21,12,63.4,56.2,68.9,7.27,-7.99,-6.56,0.37,87.95,96.13,2023
"581","Coastal Carolina","Sun Belt",12,21,66.6,71.4,73.3,-4.79,-0.58,-0.3,-5.96,87.37,96.24,2023
"582","Georgia Southern","Sun Belt",15,18,72.3,70.4,77.7,1.88,-5,1.34,-7.64,84.07,93.73,2023
"583","UC San Diego","Big West",12,19,58.4,58.1,68.1,0.35,-3.07,-9.9,3.41,81.1,90.96,2023
"584","Tennessee Tech","OVC",16,15,69.9,66.9,68.4,3.03,-7.02,-0.38,-6.44,89.62,99.49,2023
"585","Tennessee-Martin","OVC",16,17,63.2,63.2,69.8,0.03,-6.04,-6.21,-0.67,89.11,98.82,2023
"586","Northern Kentucky","Horizon",11,20,68.3,73.4,69.2,-5.1,-1.87,1.29,-8.56,91.59,101.93,2023
"587","Southern","SWAC",15,15,60.6,62.5,69.4,-1.83,-3.45,-7.03,-0.25,82.22,92.27,2023
"588","Sacred Heart","NEC",24,10,65.9,56.4,71.1,9.53,-15.71,-4.54,-3.01,86.11,97.49,2023
"589","Incarnate Word","Southland",19,11,62.5,57.4,65.1,5.07,-8.84,-8.48,0.83,86.29,95.72,2023
"590","Howard","MEAC",15,16,58.9,57.7,71.9,1.26,-8.95,-8.32,0.63,79.3,90.02,2023
"591","Youngstown State","Horizon",14,18,60.6,62.7,68.3,-2.09,-4.29,-7.89,-0.05,83.52,94.43,2023
"592","Little Rock","OVC",12,18,55.6,60.7,65.2,-5.03,-2.95,-12.03,4.05,80.35,91.97,2023
"593","St. Thomas","Summit",15,16,67.8,71.2,68.8,-3.32,-2.2,-1.74,-6.49,87.92,99.15,2023
"594","Dayton","A-10",12,19,63.5,68.9,70.6,-5.42,0.5,-3.01,-5.25,87.52,98.89,2023
"595","Grambling","SWAC",23,10,71.9,64.1,68.9,7.82,-8.52,-1.75,-6.63,83.2,93.34,2023
"596","Binghamton","AEC",14,17,61.9,60.3,70.6,1.65,-9.4,-5.67,-2.91,87.98,100.66,2023
"597","Western Michigan","MAC",12,18,62.2,65.7,71.7,-3.5,-4.54,-5.09,-3.52,87.21,99.39,2023
"598","Yale","Ivy",8,19,60.7,68.4,69.3,-7.7,-0.95,-4.03,-4.63,87.01,100.14,2023
"599","Maryland-Eastern Shore","MEAC",15,15,62.2,59.3,72.8,2.9,-9.1,-7.11,-1.82,83.13,96.13,2023
"600","Boston University","Patriot",20,12,62.6,61.6,68.3,1.03,-8.98,-5.39,-3.59,86.21,99.34,2023
"601","Lehigh","Patriot",17,13,68.8,65.4,71.8,3.4,-11.44,0.03,-9.2,87.55,101.86,2023
"602","Detroit Mercy","Horizon",17,16,60.2,63.5,71.6,-3.21,-5.98,-8.88,-0.31,81.01,93.53,2023
"603","Western Illinois","OVC",18,12,74.3,66.5,76.4,7.83,-10.99,-0.41,-8.93,86.05,98.88,2023
"604","Cal State Fullerton","Big West",10,21,59,65.4,66.8,-6.42,-2.93,-5.94,-3.41,85.02,98.68,2023
"605","Indiana State","MVC",11,21,64.2,71.7,71.3,-7.53,-1.7,-4.41,-5,85.48,97.89,2023
"606","Akron","MAC",11,18,62.3,66.1,72.3,-3.79,-5.63,-5.91,-3.51,84.81,98.46,2023
"607","Morehead State","OVC",15,15,66.3,65.6,70.7,0.7,-6.11,-4.41,-5.03,83.44,96.91,2023
"608","Stetson","A-Sun",17,15,57.8,58.8,68.9,-1.03,-6.43,-11.76,2.27,78.67,92.04,2023
"609","Jacksonville State","CUSA",12,17,59,63.1,67.9,-4.1,-2.65,-8.88,-0.62,79.2,92.87,2023
"610","Oakland","Horizon",12,17,71.4,72.9,73,-1.52,-2.62,1.34,-10.89,87.88,101.28,2023
"611","Northern Illinois","MAC",15,16,64.4,65.6,69.5,-1.19,-6.34,-5.05,-4.72,83.1,96.64,2023
"612","Denver","Summit",8,22,64.4,69.7,69.5,-5.3,-3.58,-4.36,-5.46,88.66,102.76,2023
"613","Jacksonville","A-Sun",11,20,65.3,70.6,67.4,-5.29,-3.08,-3.25,-6.73,84.83,97.68,2023
"614","Eastern Illinois","OVC",15,18,65.7,67.8,70.5,-2.12,-8.2,-4.17,-6.15,84.02,98.38,2023
"615","Bethune-Cookman","SWAC",15,16,66.4,60.8,72.5,5.55,-10.07,-6.52,-4.08,79.8,94.05,2023
"616","Samford","Southern",14,16,58.1,60.8,69.9,-2.73,-4.79,-11.11,0.43,79.55,95.2,2023
"617","Manhattan","MAAC",18,12,57.2,56.7,70.9,0.5,-11.33,-11.34,0.51,81.67,97.12,2023
"618","Kennesaw State","A-Sun",11,19,58.9,64.2,71.6,-5.33,-2.5,-7.76,-3.09,81.48,96.69,2023
"619","Coppin State","MEAC",12,18,55.3,59.8,69.8,-4.53,-6.54,-11.66,0.59,78.92,95.2,2023
"620","Kansas City","Summit",12,20,64.5,66,72.2,-1.47,-5.19,-8.62,-2.6,80.03,95.51,2023
"621","Cornell","Ivy",7,19,56,67.4,70.8,-11.42,0.03,-7.88,-3.52,79.95,96.54,2023
"622","San Jose State","MWC",7,24,60.3,66.2,70.2,-5.87,-2.26,-7.11,-4.35,84.12,100.8,2023
"623","Ohio","MAC",11,19,63.8,71.5,71.9,-7.67,-3.89,-3.58,-7.98,80.94,96.5,2023
"624","Loyola (MD)","Patriot",16,15,59,61.3,64.9,-2.26,-9.39,-9.02,-2.62,84.95,102.43,2023
"625","Canisius","MAAC",17,14,60.6,61.8,70.4,-1.13,-10.37,-7.91,-3.89,84.18,100.99,2023
"626","UMass","A-10",5,27,58,71.2,72.1,-13.13,0.99,-5.35,-6.79,83.19,100.34,2023
"627","Weber State","Big Sky",8,25,57,66.6,71.2,-9.61,-1.8,-8.2,-3.94,82.22,100.02,2023
"628","Bucknell","Patriot",13,18,55.9,61.2,65.4,-5.29,-6.89,-11.32,-0.87,79.96,98.12,2023
"629","High Point","Big South",20,12,62.7,63.9,69.1,-1.22,-8.81,-5.75,-6.46,83.25,100.04,2023
"630","Alabama A&M","SWAC",15,16,61.7,61.9,69.2,-0.13,-11.1,-9.47,-2.77,80.34,97.1,2023
"631","Nicholls State","Southland",14,18,62.9,63.2,71.1,-0.25,-8.85,-7.69,-4.57,81.74,98.5,2023
"632","Furman","Southern",15,16,66.2,64.1,69.1,2.1,-8.65,-5.84,-6.45,83.26,100.24,2023
"633","Southern Utah","WAC",8,22,65.7,73.6,71.2,-7.87,-3.85,-3.54,-8.94,88.34,105.46,2023
"634","Sacramento State","Big Sky",6,25,56.7,66.9,64.1,-10.16,-2.34,-9.07,-3.43,81.36,99.83,2023
"635","North Alabama","A-Sun",12,18,68,72.5,70.5,-4.5,-4.91,-0.7,-11.81,85.33,102.2,2023
"636","East Texas A&M","Southland",15,16,68.9,72.5,73.2,-3.58,-6.06,1.23,-13.84,85.59,101.99,2023
"637","Tarleton State","WAC",11,20,61.4,65.4,71.2,-4.06,-6.2,-9.86,-2.8,81.22,98.25,2023
"638","La Salle","A-10",8,22,57.6,70.8,72,-13.17,0.38,-6.15,-6.64,81.13,99.7,2023
"639","Northwestern State","Southland",11,19,58.4,61.6,72.5,-3.2,-5.59,-12.42,-0.46,77.4,94.77,2023
"640","New Orleans","Southland",11,19,62.2,68.3,71.7,-6.17,-6.9,-5.1,-7.98,78.03,95.26,2023
"641","IU Indianapolis","Horizon",7,23,64.5,75.1,71.8,-10.63,-2.45,-2.05,-11.04,83.03,100.33,2023
"642","Bryant","AEC",15,15,60.6,61,67.8,-0.43,-9.07,-8.64,-4.57,80.83,100.02,2023
"643","St. Bonaventure","A-10",4,26,54.7,66.5,68.4,-11.83,-1.53,-9.93,-3.44,79.7,98.86,2023
"644","Utah Valley","WAC",10,19,59.8,65.5,67.5,-5.66,-6.31,-10.41,-2.97,76.64,95.14,2023
"645","Omaha","Summit",8,23,72.3,81.2,71.9,-8.84,-2.17,3.23,-16.64,90.41,108.04,2023
"646","Sam Houston","CUSA",7,22,66.2,72.3,72.7,-6.1,-2.56,-2.41,-11.01,81.21,98.9,2023
"647","Miami (OH)","MAC",9,20,53.9,63.8,71.9,-9.83,-3.76,-13.65,0.06,76.22,95.97,2023
"648","Xavier","Big East",1,27,50.7,72.6,69.7,-21.93,8.34,-9.15,-4.45,79.76,100.32,2023
"649","Quinnipiac","MAAC",13,18,59.3,64.6,69.2,-5.29,-8.47,-8.13,-5.63,82.08,101.88,2023
"650","Elon","CAA",11,21,53.1,61.3,68.5,-8.28,-4.76,-13.77,-0.05,74.15,94.32,2023
"651","North Florida","A-Sun",9,21,63.5,68.2,72.8,-4.63,-4.05,-6.56,-7.38,82.63,102.01,2023
"652","Southeast Missouri State","OVC",9,20,62.1,66.7,73.1,-4.62,-6.87,-9.38,-4.68,78.25,97.8,2023
"653","North Dakota","Summit",9,21,66.9,76.6,76.6,-9.7,-1.26,-1.79,-12.28,83.81,102.2,2023
"654","Cal State Bakersfield","Big West",8,21,58.7,67,66.6,-8.28,-5.25,-7.38,-6.72,83.31,103.56,2023
"655","Valparaiso","MVC",5,25,61.8,72.8,69.3,-11,-3.11,-6.89,-7.22,83.03,101.86,2023
"656","Mount St. Mary's","MAAC",14,17,54.5,58.5,68.9,-4,-10.26,-13.97,-0.3,75.27,95.79,2023
"657","American","Patriot",10,20,60.8,66,71.5,-5.23,-9.09,-7.14,-7.18,79.79,100.63,2023
"658","Hofstra","CAA",11,21,56.6,58.9,69.3,-2.31,-9.22,-13.15,-1.33,76.16,97.29,2023
"659","New Hampshire","AEC",9,20,54.1,58.8,66.5,-4.66,-8.63,-13.23,-1.44,76.07,97.69,2023
"660","Texas-Rio Grande Valley","WAC",6,23,59.6,71,69.4,-11.41,-3.4,-9.04,-5.78,79.47,99.94,2023
"661","Seattle","WAC",6,23,63.6,75.2,71.4,-11.59,-3.39,-3.8,-11.17,84.04,104.48,2023
"662","South Alabama","Sun Belt",9,23,60.7,71.5,70.2,-10.81,-1.92,-7.97,-7.11,79.43,100.34,2023
"663","Northeastern","CAA",10,17,57.5,64.6,71.4,-7.11,-7.98,-10.19,-4.91,81.98,104.48,2023
"664","Tennessee State","OVC",11,19,62.1,68.1,74.9,-6.07,-8.26,-7.88,-7.34,77.23,98.29,2023
"665","Maryland-Baltimore County","AEC",10,19,58.4,63,69.8,-4.59,-8.71,-10.03,-5.24,77.91,100.04,2023
"666","Army","Patriot",12,17,59.2,62.3,68.5,-3.07,-9.81,-9.71,-5.62,80.32,102.46,2023
"667","Navy","Patriot",14,17,61.8,63.7,69.1,-1.9,-9.98,-8.24,-7.08,77.76,99.17,2023
"668","NJIT","AEC",12,18,57.4,62.5,66.9,-5.03,-10.52,-9.46,-6.1,76.77,99.21,2023
"669","Presbyterian","Big South",21,15,57.6,58.9,72.1,-1.36,-11.13,-14.2,-1.41,77.84,99.16,2023
"670","Bellarmine","A-Sun",10,19,67.2,75,72.9,-7.83,-4.47,-2.76,-12.93,83.73,103.95,2023
"671","Portland State","Big Sky",8,23,56.3,67.6,65.2,-11.29,-3.1,-10.24,-5.65,82.26,106.48,2023
"672","Radford","Big South",15,18,57.5,61.4,71.1,-3.94,-11.29,-12.97,-3.13,76.07,98.14,2023
"673","Alcorn State","SWAC",12,20,54.1,63,75.7,-8.88,-5.89,-15.16,-0.95,75.84,97.09,2023
"674","Eastern Michigan","MAC",7,22,57.3,67.5,71.4,-10.24,-4.72,-11.49,-4.73,75.9,99,2023
"675","Pepperdine","WCC",5,25,54.2,70.1,69.8,-15.9,2.4,-12.22,-4.02,76.08,100.06,2023
"676","Iona","MAAC",11,19,57.6,63.2,68,-5.6,-10.85,-10.73,-5.72,81.12,104.81,2023
"677","Central Michigan","MAC",6,22,61.5,71.7,71,-10.18,-5.18,-7.08,-9.51,77.84,99.98,2023
"678","Florida A&M","SWAC",9,21,59.8,70,73.7,-10.2,-6.45,-8.1,-8.56,79.17,101.85,2023
"679","Dartmouth","Ivy",7,19,48.5,58.4,69.7,-9.92,-3.29,-18.97,2.18,71.51,97.8,2023
"680","Lafayette","Patriot",10,20,55.9,63.6,67.2,-7.77,-9.47,-12.32,-4.91,78.89,104.88,2023
"681","Bradley","MVC",6,26,60.2,75.3,68.1,-15.09,-1.5,-8.43,-8.85,81.66,105.94,2023
"682","South Carolina Upstate","Big South",16,16,58.8,61.4,71.6,-2.56,-13.81,-12.09,-5.27,75.89,99.12,2023
"683","Lindenwood","OVC",7,21,64.8,72.1,69.2,-7.29,-8.22,-5.86,-11.58,84.39,108.64,2023
"684","Charleston Southern","Big South",11,19,61,66.6,72.9,-5.57,-11.28,-8.88,-8.61,77,100.55,2023
"685","FDU","NEC",14,17,58.4,61,66.3,-2.58,-13.52,-12.67,-5.12,78.87,104.96,2023
"686","Robert Morris","Horizon",6,24,55.3,66.4,70,-11.03,-3.88,-13.66,-4.22,74.55,100.33,2023
"687","SIU Edwardsville","OVC",5,26,68.1,77,75.5,-8.97,-6.47,-1.64,-16.37,84.83,109.17,2023
"688","Massachusetts-Lowell","AEC",4,25,51.9,63.6,67.2,-11.69,-6.55,-13.58,-4.66,73.12,99.99,2023
"689","Cal State Northridge","Big West",3,27,55.2,69.6,68,-14.47,-3.52,-10.17,-8.18,73.16,98.71,2023
"690","Marist","MAAC",6,25,55.5,63.9,69,-8.39,-9.96,-12.52,-5.82,72.3,98.85,2023
"691","Morgan State","MEAC",8,22,53.6,62.7,68.3,-9.13,-7.02,-13.83,-4.58,72.3,98.2,2023
"692","North Carolina Central","MEAC",16,15,65.7,65.9,77.9,-0.13,-10.94,-6.29,-12.32,72.58,97.38,2023
"693","Prairie View","SWAC",11,18,60.9,65.6,77.1,-4.62,-6.44,-9.35,-9.33,77.45,102.63,2023
"694","Merrimack","NEC",12,19,59.3,62.5,69.1,-3.29,-15.44,-11.27,-7.46,74.63,101.98,2023
"695","Rider","MAAC",10,21,54.9,64.6,67.8,-9.71,-9.59,-13.58,-5.72,76.11,104.39,2023
"696","Winthrop","Big South",14,16,56.8,60.2,66.3,-3.47,-12.78,-15.9,-3.44,72.35,99.44,2023
"697","Hampton","CAA",3,26,54.5,68.2,72.7,-13.72,-6.1,-11.5,-8.32,72.45,99.74,2023
"698","Evansville","MVC",4,28,62.8,81.1,72.2,-18.25,-1.64,-5.92,-13.97,77.05,102.8,2023
"699","UNC Asheville","Big South",11,20,59.5,60.5,70.4,-1,-15.72,-13.73,-6.27,74.18,101.95,2023
"700","Utah State","MWC",5,25,56.2,74,73.3,-17.77,-1.2,-8.29,-12.31,78.93,107.97,2023
"701","Central Connecticut State","NEC",9,21,57.9,66.1,67.7,-8.27,-13.27,-11.71,-9.82,75.31,106.04,2023
"702","Texas Southern","SWAC",7,22,56.5,69.9,76.6,-13.38,-5.91,-12.02,-9.81,73.19,101.79,2023
"703","Longwood","Big South",9,21,61,68.7,74.7,-7.67,-10.92,-11.19,-10.8,73.61,103.37,2023
"704","Houston Christian","Southland",6,23,53.7,65,68.7,-11.38,-4.34,-17.01,-5.25,70.64,102.11,2023
"705","Queens (NC)","A-Sun",7,22,62,70.4,72.5,-8.45,-8.26,-9.83,-12.89,73.75,104.73,2023
"706","Saint Peter's","MAAC",7,23,50.6,62.4,70.6,-11.87,-10.86,-18.83,-3.89,67.41,100.26,2023
"707","Western Carolina","Southern",6,24,56.8,66.4,66.1,-9.57,-7.38,-12.74,-10.16,75.74,108.41,2023
"708","Gardner-Webb","Big South",6,24,62.3,76.7,74.5,-14.43,-9.64,-5.87,-18.2,79.51,111.52,2023
"709","Mississippi Valley State","SWAC",4,27,55.5,77.1,74.4,-21.65,-2.59,-11.27,-12.96,71.99,102.84,2023
"710","Delaware State","MEAC",8,20,57.5,70.8,66.3,-13.25,-6.71,-12.6,-12.49,74.85,110.09,2023
"711","UNC Wilmington","CAA",5,25,54.5,72.8,68.1,-18.27,-5.45,-12.64,-12.94,71.14,106.2,2023
"712","Long Island University","NEC",8,22,58.2,67.8,71.5,-9.6,-17.18,-13.56,-13.22,72.06,110.32,2023
"713","McNeese State","Southland",6,25,65.2,78.4,74.9,-13.23,-5.36,-6.28,-20.94,78.38,113.12,2023
"714","Alabama State","SWAC",3,26,49.3,73.4,71,-24.03,-3.64,-17.84,-9.83,68.49,104.9,2023
"715","Wagner","NEC",7,21,55.3,67,71.9,-11.75,-16.39,-17.24,-12.55,65.69,108.25,2023
"716","South Carolina State","MEAC",2,28,48.3,69.1,68.8,-20.77,-9.1,-19.8,-10.07,66.65,109.91,2023
"717","Stonehill","NEC",4,26,52.2,69,66.6,-16.77,-13.4,-18.42,-11.75,66.66,109.55,2023
"718","Chicago State","Ind",1,26,59,83,78.7,-24.04,-4.05,-9.56,-22.07,71.14,111.7,2023
"719","Saint Francis (PA)","NEC",5,25,51.5,69.9,69.2,-18.4,-13.92,-18.9,-13.42,68.26,114.94,2023
"720","South Carolina","SEC",38,0,85.4,56.6,70,28.89,16.37,26.76,18.51,123.17,63.87,2022
"721","UConn","Big East",33,6,79.7,57.2,70.2,22.46,16.62,22.09,15.56,119.66,68.22,2022
"722","Iowa","Big Ten",34,5,91,71.9,76.9,19.1,17.95,32.73,4.32,126.21,77.95,2022
"723","Texas","Big 12",33,5,80.1,57.7,70.3,22.42,14.05,21.14,15.33,119.16,69.75,2022
"724","LSU","SEC",31,6,85.9,63.3,74.8,22.59,11.46,25.71,8.34,116.36,73.55,2022
"725","UCLA","Pac-12",27,7,77.3,61.1,68.9,16.18,17.82,19.24,14.76,116.38,70.44,2022
"726","Stanford","Pac-12",30,6,77.5,60,70.7,17.47,16.43,20.62,13.28,120.63,73.71,2022
"727","Notre Dame","ACC",28,7,78.6,61.1,74.5,17.51,14.74,19.24,13.02,110.98,68.75,2022
"728","Ohio State","Big Ten",26,6,79.3,64,75.7,15.31,16.76,19.21,12.58,114.75,72.47,2022
"729","NC State","ACC",31,7,73.4,60.7,70.5,12.71,17.7,16.26,14.15,111.21,70.86,2022
"730","USC","Pac-12",29,6,74.9,62.5,71.4,12.43,17.78,17.79,12.41,114.98,73.58,2022
"731","Indiana","Big Ten",26,6,79.5,64.4,71.7,15.13,14.38,18.03,11.47,117.01,77.45,2022
"732","Utah","Pac-12",23,11,77.4,62,72.1,15.38,15.46,18.07,10.62,116.61,77.84,2022
"733","Colorado","Pac-12",24,10,75.2,64.3,68.5,10.94,17.67,17.75,10.86,113.65,74.96,2022
"734","Baylor","Big 12",26,8,74.8,60.4,72.7,14.38,13.86,16.15,12.09,109.1,71.37,2022
"735","Kansas State","Big 12",26,8,71.7,57.9,71.8,13.74,14.42,11.85,16.3,107.42,69.68,2022
"736","Oregon State","Pac-12",27,8,70.9,59.8,69.5,11.17,16.76,13.53,14.41,112.39,74.17,2022
"737","Duke","ACC",22,12,68.2,57.9,71.2,10.32,17.25,10.02,17.55,106.7,69.53,2022
"738","West Virginia","Big 12",25,8,73.7,57.8,74.5,15.85,11.67,13.54,13.98,107.91,71.61,2022
"739","Virginia Tech","ACC",25,8,75.2,61.7,69,13.48,13.4,15.29,11.59,115.94,79.24,2022
"740","Michigan State","Big Ten",22,9,82.8,67,71.2,15.77,10.91,20.65,6.04,116.3,81.28,2022
"741","Gonzaga","WCC",32,4,80,60.3,65.4,19.67,6.64,17.97,8.33,119.17,82.28,2022
"742","Louisville","ACC",24,10,73.4,63.3,70.5,10.09,14.48,14.18,10.39,111.6,78.32,2022
"743","Tennessee","SEC",20,13,76.3,69.7,74.9,6.58,17.97,17.87,6.68,112.23,80.01,2022
"744","Penn State","Big Ten",22,13,82.7,71.8,75.4,10.91,12.65,22.4,1.16,112.41,81.94,2022
"745","Oklahoma","Big 12",23,10,76.5,69.1,83.4,7.36,15.85,18.36,4.85,107.33,76.94,2022
"746","Creighton","Big East",26,6,73.4,62.8,69.2,10.59,12.53,14.72,8.4,114.53,82.61,2022
"747","Iowa State","Big 12",21,12,75.4,69.1,71.9,6.24,16.7,16.35,6.59,112.52,81.94,2022
"748","Nebraska","Big Ten",23,12,72.4,64.2,73.5,8.2,14.64,12.43,10.41,108.65,77.42,2022
"749","Maryland","Big Ten",19,14,77.9,73.3,73.7,4.64,17.97,18.54,4.06,109.79,80.39,2022
"750","Washington State","Pac-12",21,15,69.1,61.8,68,7.31,14.57,10.26,11.62,108.25,78.62,2022
"751","Alabama","SEC",24,10,73.1,62.2,72.6,10.94,10.84,11.9,9.88,108.02,78.64,2022
"752","Ole Miss","SEC",24,9,68.5,59.4,70.9,9.12,12.19,7.79,13.52,103.18,74.43,2022
"753","Texas A&M","SEC",19,13,68.4,58.7,72.6,9.66,11.6,7.72,13.54,102.95,74.28,2022
"754","Arizona","Pac-12",18,16,69.9,65.8,68,4.09,17.17,12.64,8.61,106.01,77.07,2022
"755","UNC","ACC",20,13,67.8,62.5,74.3,5.27,15.69,9.52,11.44,104.49,76.16,2022
"756","Kansas","Big 12",20,13,68.2,64.3,76.8,3.88,16.46,10.53,9.81,108.47,80.54,2022
"757","Mississippi State","SEC",23,12,75.6,65.8,71.7,9.86,10.19,14.87,5.19,111.24,84.64,2022
"758","Auburn","SEC",20,12,66.4,58.8,72.6,7.56,12.35,6.2,13.71,97.75,71.74,2022
"759","Florida State","ACC",23,11,78.5,71.5,70.6,7.06,12.79,18.8,1.05,107.16,81.22,2022
"760","Syracuse","ACC",24,8,74,65.7,78,8.34,11.34,13.2,6.48,108.42,82.39,2022
"761","UNLV","MWC",30,3,79,59.1,73.2,19.97,-0.34,13.71,5.93,111.1,83.59,2022
"762","Illinois","Big Ten",19,15,74.5,67.5,74.3,7.03,12.48,13.13,6.38,110.45,83.91,2022
"763","Michigan","Big Ten",20,14,70,64.3,70.4,5.71,13.39,8.68,10.42,105.27,79.93,2022
"764","Marquette","Big East",23,9,69.6,59.5,70.3,10.13,8.85,9.03,9.95,103.6,78.28,2022
"765","Washington","Pac-12",16,15,64.2,59,65,5.16,13.48,5.23,13.42,103.68,78.12,2022
"766","TCU","Big 12",21,12,69.5,60.9,74.6,8.61,10.47,7.6,10.55,106.66,81.97,2022
"767","Miami (FL)","ACC",19,12,66.6,60.4,70.4,6.29,11.11,5.98,11.42,102.59,78.75,2022
"768","Villanova","Big East",22,13,64.8,59.6,68.9,5.2,12.07,6,11.27,104.51,80.38,2022
"769","Princeton","Ivy",25,5,69.2,56.2,69.7,12.97,4.13,6.45,10.65,106.19,81.28,2022
"770","Oklahoma State","Big 12",14,16,69,66.4,72.1,2.53,14.47,9.67,7.33,105.5,82.51,2022
"771","Middle Tennessee","CUSA",30,5,71.4,55.5,68.9,15.86,0.87,5.38,11.35,106.23,81.66,2022
"772","Vanderbilt","SEC",23,10,68.5,62.3,70.2,6.15,10.27,7.31,9.11,101.96,79.96,2022
"773","California","Pac-12",19,15,66.2,65.3,69.7,0.85,14.88,8.6,7.13,105.42,83.87,2022
"774","Virginia","ACC",16,16,72.5,69.1,70.7,3.34,12.26,12.93,2.67,104.25,83.78,2022
"775","Florida","SEC",16,16,74.7,71.3,75.6,3.34,12.01,14.05,1.31,105.52,84.63,2022
"776","Columbia","Ivy",23,7,75.7,63.5,73.5,12.2,2.19,12.69,1.7,109.62,89.84,2022
"777","Green Bay","Horizon",27,7,73.9,58.1,66.4,15.74,-0.81,6.13,8.09,108.33,86.76,2022
"778","Florida Gulf Coast","A-Sun",29,5,74.9,55,69.5,19.85,-2.61,6.19,7.9,105.72,84.8,2022
"779","Minnesota","Big Ten",20,16,69.5,66.1,72.3,3.39,10.64,5.82,8.21,100.85,82.81,2022
"780","Richmond","A-10",29,6,73.1,61,72.7,12.09,1.88,9.81,4.15,107.25,87.31,2022
"781","Seton Hall","Big East",17,15,64.4,59.7,71.7,4.69,8.78,4.24,9.23,99.8,81.15,2022
"782","Purdue","Big Ten",15,19,68.2,68.3,73.2,-0.09,13.38,7.43,5.86,101.15,83.78,2022
"783","South Dakota State","Summit",27,6,73.6,60.2,68.2,13.42,0.47,5.43,7.75,101.4,82.64,2022
"784","Texas Tech","Big 12",17,16,64.9,62.8,71,2.03,11.03,4.81,8.26,100.39,83.18,2022
"785","Drake","MVC",29,6,81.2,70,73.7,11.23,1.77,14.43,-1.43,105.02,88.09,2022
"786","Arkansas","SEC",18,15,69.5,68.8,74.3,0.64,12.09,9.07,3.65,99.65,82.91,2022
"787","Georgia Tech","ACC",17,16,67.7,67,66.3,0.73,11.89,7.42,5.2,101.12,84.68,2022
"788","Boston College","ACC",14,19,71,69.7,75.1,1.3,10.79,10.67,1.43,101.38,85.88,2022
"789","Missouri","SEC",11,19,70,71,69.2,-1.03,12.94,9.47,2.44,103.73,88.75,2022
"790","Saint Joseph's","A-10",28,6,65.3,54.5,65.3,10.85,0.82,1.6,10.07,100.42,82.77,2022
"791","George Mason","A-10",23,8,71.1,58.7,70.7,12.39,0.36,5.83,5.63,99.19,83.04,2022
"792","Toledo","MAC",28,6,72.7,60.1,70.3,12.62,-0.41,6.64,4.68,100.89,85.06,2022
"793","Belmont","MVC",26,9,70.6,62.3,67.8,8.26,2.85,3.87,7.23,100.62,85.34,2022
"794","UCF","Big 12",12,17,64.1,64.6,66.4,-0.45,12.2,4.38,6.53,97.3,82.9,2022
"795","BYU","Big 12",16,17,65.4,65.7,69.4,-0.33,11.1,5.77,4.99,99.62,85.64,2022
"796","Clemson","ACC",12,19,69.6,70.3,73,-0.65,11.18,8.99,1.55,102.83,88.62,2022
"797","Cincinnati","Big 12",14,18,62.4,66,73,-3.59,13.48,3.09,6.8,96.67,83.28,2022
"798","Houston","Big 12",14,16,67.7,68.6,71.7,-0.97,10.7,7.37,2.36,96.6,85.01,2022
"799","Santa Clara","WCC",25,9,69.6,59.1,65.7,10.41,2.32,4.58,5.15,103.25,89.08,2022
"800","St. John's (NY)","Big East",18,15,60.4,58.2,74.2,2.21,7.31,0.06,9.46,99.22,85.66,2022
"801","Marshall","Sun Belt",26,7,85.3,71.8,65.9,13.48,-0.81,16.8,-7.29,102.18,90.97,2022
"802","Georgia","SEC",12,18,63.2,66.9,73,-3.7,13.12,2.79,6.63,94.86,83.05,2022
"803","Virginia Commonwealth","A-10",26,6,63.3,53.2,66.5,10.13,-0.05,-1.36,10.5,96.19,82.54,2022
"804","Georgetown","Big East",23,12,57.9,55.1,68.8,2.74,6.39,-3.08,12.21,93.31,80.48,2022
"805","Rhode Island","A-10",21,14,64.1,56.7,67,7.46,1.61,0.62,8.44,96.15,83.45,2022
"806","Oregon","Pac-12",11,21,59.8,67.3,67.7,-7.5,16.54,1.81,7.23,96.18,84.6,2022
"807","Stony Brook","CAA",28,5,72.9,57.6,70.6,15.27,-6.32,6.73,2.23,95.29,83.86,2022
"808","Ball State","MAC",28,6,72.7,60.9,72.6,11.76,-2.05,4.47,4.48,99.26,86.61,2022
"809","Temple","AAC",20,12,69.9,62.9,71.2,7.03,1.84,5.75,3.12,96.16,84.36,2022
"810","North Texas","AAC",23,9,74.3,64.2,69.8,10.16,0.76,8.46,0.36,99.23,87.49,2022
"811","Cleveland State","Horizon",29,6,74.3,61.4,70.5,12.94,-4.33,6.21,2.41,99.25,87.89,2022
"812","Davidson","A-10",18,8,65,55.4,67.7,9.58,-1.06,0.11,8.41,98.8,86.55,2022
"813","Rice","AAC",19,15,67.2,63,70.5,4.15,3.82,2.73,5.24,95.81,84.74,2022
"814","Arizona State","Pac-12",11,20,61.5,70.1,66.6,-8.65,16.42,4.13,3.64,97.85,88.02,2022
"815","DePaul","Big East",12,20,71.2,71.4,81.3,-0.16,7.74,11.59,-4,98.79,88.94,2022
"816","Eastern Washington","Big Sky",29,6,68.3,56.1,70.6,12.2,-3.31,1.61,5.78,94.35,83.67,2022
"817","Tulsa","AAC",25,10,70.9,66.9,68.9,3.94,3.44,6.8,0.58,96.94,87.56,2022
"818","Portland","WCC",21,13,67.9,62.4,68.3,5.5,3.77,2.82,4.29,91.9,82.51,2022
"819","Harvard","Ivy",16,12,68.9,63.4,73.7,5.46,1.6,4.59,2.48,98.89,89.4,2022
"820","Wisconsin","Big Ten",15,17,62.7,67.9,67.2,-5.16,12.11,0.24,6.71,92.43,83.94,2022
"821","South Florida","AAC",19,14,64.2,60.2,66.5,4,2.93,-0.56,7.49,96.12,87.18,2022
"822","Northern Iowa","MVC",16,16,73.4,70.5,69,2.94,3.79,7.15,-0.42,101.46,92.13,2022
"823","East Carolina","AAC",19,14,65.6,62.8,73.9,2.82,3.69,2.59,3.91,91.87,84.76,2022
"824","Grand Canyon","WAC",24,8,69.5,56.2,69.9,13.28,-5.01,-1.19,7.5,93.76,83.9,2022
"825","Wake Forest","ACC",7,25,59.5,67.6,71.4,-8.06,14.11,-0.12,6.17,95.55,88.41,2022
"826","Troy","Sun Belt",22,12,80.9,75,81.4,5.82,0.21,16.07,-10.03,99.5,92.45,2022
"827","Murray State","MVC",20,12,84.5,75.2,66.4,9.28,-2,16.28,-10.58,102.77,95.74,2022
"828","Montana","Big Sky",23,10,72.5,63.8,69.2,8.64,-1.64,6.51,-0.83,102.67,94.59,2022
"829","Missouri State","MVC",23,10,69.3,63.6,69.7,5.67,-0.14,1.76,3.77,96.66,88.73,2022
"830","Colorado State","MWC",20,11,68.6,61.2,68.4,7.39,-1.03,2.22,3.18,96.52,88.91,2022
"831","Wyoming","MWC",18,15,63.8,59.8,63.9,3.97,2.56,-0.79,6,97.81,90.21,2022
"832","Fairfield","MAAC",31,2,72.5,55.2,66.8,17.3,-10.1,2.88,2.14,95.6,89.09,2022
"833","James Madison","Sun Belt",23,12,72.3,66.5,70.7,5.77,1.2,5.26,-0.27,94.8,88.42,2022
"834","North Dakota State","Summit",22,12,75.4,68.5,66.7,6.97,-0.04,6.09,-1.09,99.82,93.33,2022
"835","Jackson State","SWAC",26,7,71.4,57.5,77.6,13.88,-4.55,1.85,2.91,94.67,87.44,2022
"836","Butler","Big East",15,17,62.5,62,69.8,0.5,5.95,-0.47,5.19,97.34,91.77,2022
"837","Southern Methodist","AAC",14,16,69.8,68.3,70.8,1.5,3.1,5.92,-1.33,97.23,91.27,2022
"838","Providence","Big East",13,21,58,61.5,71.4,-3.56,7.99,-2.56,7,89.87,84.1,2022
"839","Memphis","AAC",13,17,67.6,69.3,69.6,-1.7,6.08,4.48,-0.1,90.92,85.18,2022
"840","Kentucky","SEC",12,20,64.4,74.4,73.6,-10,14.28,5.38,-1.1,95.35,89.82,2022
"841","Kent State","MAC",21,11,71.8,62.8,67.3,9,-0.65,4.88,-0.66,97.95,91.91,2022
"842","Illinois State","MVC",22,12,74.3,68.6,66.6,5.68,-0.9,5.42,-1.61,98.29,93.61,2022
"843","Charlotte","AAC",16,15,64.5,63,69,1.52,2.13,0.48,3.17,89.7,85.2,2022
"844","California Baptist","WAC",28,4,80.3,71.3,77.1,9,-5.67,11.54,-8.22,95.88,92.45,2022
"845","Rutgers","Big Ten",8,24,65.8,73,67.7,-7.16,10.42,4.49,-1.22,96.11,92.99,2022
"846","UTSA","AAC",18,15,64.6,63.5,72.3,1.15,1.97,-0.17,3.29,91.46,87.21,2022
"847","Maine","AEC",24,10,64.1,57,65.5,7.06,-3.98,-1.4,4.48,95.12,90.62,2022
"848","UC-Irvine","Big West",23,9,63,55.7,68.4,7.31,-4.46,-3.33,6.18,91.14,86.79,2022
"849","Chattanooga","Southern",28,5,64.2,54.5,70.6,9.76,-5.36,-5,7.8,95.64,90.08,2022
"850","Duquesne","A-10",21,13,69,67,69.6,2.03,0.62,5.29,-2.64,97.36,94.02,2022
"851","Northern Arizona","Big Sky",25,10,75.3,70.1,75.3,5.26,-1.32,10.49,-7.99,98.55,95.46,2022
"852","Old Dominion","Sun Belt",22,10,64,60.3,69.5,3.72,-0.73,-3.83,6.22,85.06,82.11,2022
"853","Pittsburgh","ACC",8,24,60.8,69.1,73.9,-8.31,10.55,-0.18,2.41,91.76,89.9,2022
"854","Pacific","WCC",19,15,71.3,69.9,74.4,1.44,2.56,6.24,-4.11,93.46,90.48,2022
"855","Saint Louis","A-10",22,18,72.1,70,70.6,2.05,3.14,7.36,-5.3,97.74,94.68,2022
"856","Liberty","CUSA",18,16,65.7,66.7,63.1,-0.97,4.12,2.48,-0.71,98.81,96.27,2022
"857","Hawaii","Big West",20,11,59.5,56.3,68.3,3.23,-1.53,-4.68,6.37,90.77,88.29,2022
"858","Boise State","MWC",21,14,64,58.9,69,5.09,-1.96,-1.96,3.49,89.16,87.18,2022
"859","Southern Mississippi","Sun Belt",20,14,67.5,63.5,69.5,3.97,-1.41,-0.99,2.4,90.69,88.78,2022
"860","Purdue Fort Wayne","Horizon",23,13,70.9,63.4,67.6,7.56,-3.19,1.16,0.21,93.12,91.16,2022
"861","Norfolk State","MEAC",27,6,67,53.1,71.2,13.91,-11.3,-2.57,3.86,91.24,89.24,2022
"862","Tulane","AAC",12,20,64.4,65.6,71.2,-1.19,2.48,0.45,0.84,96.41,94.86,2022
"863","Oral Roberts","Summit",21,11,82.1,75.4,70.6,6.72,-0.52,12.34,-11.1,97.63,95.81,2022
"864","Louisiana-Monroe","Sun Belt",21,14,74.2,67.9,68.4,6.31,-2.07,5.07,-3.98,94.84,93.66,2022
"865","San Diego State","MWC",22,13,66.3,64.3,69,1.97,-0.53,1.02,-0.28,92.88,92.21,2022
"866","Lamar","Southland",24,7,66.6,57.6,64.1,9.03,-5.58,-2.4,3.09,93.78,92.18,2022
"867","South Dakota","Summit",23,13,70.9,64.6,67.1,6.25,-1.54,0.54,0.04,93.67,93.06,2022
"868","San Francisco","WCC",14,16,66.8,67.1,70.9,-0.3,1.47,1.11,-0.71,91.23,90.89,2022
"869","New Mexico","MWC",21,11,64.7,60.8,72.8,3.94,-3,-1.85,2.14,88.83,88.42,2022
"870","Montana State","Big Sky",17,16,58.7,58,69.3,0.7,-0.57,-6.16,6.28,84.96,84.96,2022
"871","Vermont","AEC",25,12,59.4,52.8,66.9,6.59,-6.25,-6.38,6.47,93.22,92.18,2022
"872","UAB","AAC",18,14,71.9,69.8,67.9,2.13,-1.78,6.78,-6.71,99.34,99.6,2022
"873","Stephen F. Austin","WAC",22,12,75.6,68.6,72,7,-3.24,5.26,-5.6,93.27,93.56,2022
"874","Illinois-Chicago","MVC",18,16,69.2,66.2,70,2.94,-3.36,-0.04,-0.38,89.13,90.01,2022
"875","Northwestern","Big Ten",9,21,66.1,80.3,72.1,-14.17,13.61,5.01,-5.57,96.46,97.25,2022
"876","College of Charleston","CAA",22,10,75.3,62.8,73.7,12.53,-8.7,4.58,-5.21,92.65,94.17,2022
"877","North Carolina A&T","CAA",22,12,64.2,56.8,74.8,7.38,-4.64,-4.37,3.42,86.92,87.94,2022
"878","Pennsylvania","Ivy",15,13,65.6,63.4,68.3,2.14,0.63,0.19,-1.14,92.14,93.91,2022
"879","Monmouth","CAA",22,10,64.1,58.3,72.2,5.81,-6.08,-3.16,1.79,88.35,90.28,2022
"880","Western Kentucky","CUSA",15,17,64.4,63.5,72.8,0.88,-0.4,-1.29,-0.08,88.7,90.79,2022
"881","Brown","Ivy",16,11,63.1,61.8,71,1.33,-0.68,-1.36,-0.05,88.93,91.51,2022
"882","Loyola (IL)","A-10",15,16,62.8,63.3,67,-0.48,-1.17,-4.07,2.43,90.14,91.82,2022
"883","Central Arkansas","A-Sun",21,12,65.7,59,64.1,6.67,-5.8,-3.39,1.56,89.35,91.78,2022
"884","Louisiana","Sun Belt",17,14,58.4,59,64.6,-0.65,0.27,-9.98,7.9,85.23,88.07,2022
"885","Louisiana Tech","CUSA",14,19,62.4,62.6,66.9,-0.24,1.13,-4.62,2.52,89.01,91.42,2022
"886","Texas A&M-Corpus Christi","Southland",23,9,66.8,57.9,65.2,8.91,-6.63,-2.48,0.14,86.54,89.73,2022
"887","Cal Poly","Big West",17,14,60.6,60.8,72.7,-0.19,-2.19,-4.51,2.13,86.5,89.99,2022
"888","Arkansas State","Sun Belt",13,17,66.3,63.9,71.3,2.47,-2.25,-1.4,-1.06,94.1,97.89,2022
"889","Drexel","CAA",19,15,57.2,55.9,65.4,1.32,-3.1,-9.48,7.01,88.04,91.58,2022
"890","Appalachian State","Sun Belt",17,15,72.2,73.4,74.7,-1.25,-1.48,4.28,-7.02,90.12,93.54,2022
"891","Fordham","A-10",12,17,62.4,62.2,67.7,0.28,-0.69,-2.41,-0.5,88.62,92.88,2022
"892","UC Davis","Big West",20,14,61.9,60,65.4,1.97,-2.36,-4.04,0.99,87.84,92.04,2022
"893","Florida International","CUSA",21,12,68.6,64.2,67.3,4.42,-5.02,-0.06,-2.99,88.04,92.55,2022
"894","Southeastern Louisiana","Southland",19,12,63.5,58,63,5.52,-4.93,-5.42,2.34,84.57,88.7,2022
"895","Saint Mary's (CA)","WCC",13,18,61,65.3,71.5,-4.26,1.78,-3.2,0.05,92.79,97.78,2022
"896","Albany (NY)","AEC",25,7,60.9,51.3,62.2,9.63,-10.26,-8.46,5.2,88.65,92.99,2022
"897","George Washington","A-10",13,18,58.5,58.2,64.4,0.26,-1.51,-7.74,4.47,84.93,89.89,2022
"898","Northern Colorado","Big Sky",15,16,65.1,62.5,66.3,2.61,-2.99,-3.26,-0.01,90.45,95.03,2022
"899","Bowling Green State","MAC",16,15,67.4,70,72.8,-2.61,-0.74,0.97,-4.32,95.53,100.52,2022
"900","Towson","CAA",20,11,66.8,65.4,73.8,1.42,-4.78,0.1,-3.46,88.86,94.32,2022
"901","Air Force","MWC",15,17,63.3,66.3,65.9,-3,0.25,-1.83,-1.62,88.42,93.62,2022
"902","Holy Cross","Patriot",21,13,62.9,56.9,67.4,6.06,-8.52,-5.69,2.17,87.8,92.9,2022
"903","San Diego","WCC",9,22,62.8,66.9,65.2,-4.06,2.47,-2.35,-1.18,90.07,94.89,2022
"904","Nevada","MWC",16,16,64.3,65,66.7,-0.72,-1.68,-1.96,-1.59,87.49,92.18,2022
"905","Wichita State","AAC",10,22,64,69.9,73.1,-5.84,2.11,-0.88,-2.86,86.93,92.23,2022
"906","Abilene Christian","WAC",14,16,69.9,66.1,66.1,3.8,-5.42,0.29,-4.05,93.15,98.83,2022
"907","Buffalo","MAC",19,14,65.9,63.6,75.6,2.33,-5.14,-2.09,-1.89,89.91,95.9,2022
"908","William & Mary","CAA",15,14,63.2,62.6,68,0.66,-4.71,-2.72,-1.34,85.77,91.98,2022
"909","Eastern Kentucky","A-Sun",22,12,71.9,64,69,7.85,-6.9,0.33,-4.48,88.34,93.97,2022
"910","Fresno State","MWC",15,18,64.3,63,66.6,1.27,-3.05,-2.89,-1.42,90.72,97.66,2022
"911","Idaho","Big Sky",15,16,59.8,57.2,72.6,2.58,-4.97,-8.5,4.18,85.04,91.35,2022
"912","Southern Illinois","MVC",11,20,65.6,68.5,64.7,-2.84,-1.48,-2.11,-2.21,85.97,92.04,2022
"913","Wright State","Horizon",18,15,70.2,70.8,72.9,-0.61,-1.85,2.53,-6.99,92.07,98.55,2022
"914","Wofford","Southern",17,13,66.6,61.1,69.8,5.5,-6.31,-0.59,-3.91,90.63,97.01,2022
"915","Austin Peay","A-Sun",17,16,62.3,60.2,65,2.09,-5.98,-7.54,3.03,84.98,90.99,2022
"916","Long Beach State","Big West",15,18,67.9,69.5,67.4,-1.55,-2.3,3,-7.53,86.68,93.29,2022
"917","Loyola Marymount","WCC",11,19,60.4,65.3,66.9,-4.97,2.24,-4.15,-0.43,89.42,96.98,2022
"918","Florida Atlantic","AAC",11,19,61,65.6,65.7,-4.6,0.73,-5,0.35,88.35,95.38,2022
"919","Georgia State","Sun Belt",15,15,69.8,68.5,72.1,1.27,-3.22,0.37,-5.06,90.19,97.13,2022
"920","Delaware","CAA",11,20,67.4,66.5,72.9,0.97,-5.69,1.18,-5.9,87.06,94.34,2022
"921","UT Arlington","WAC",17,16,69.9,71.6,73.9,-1.76,-3,2.03,-6.79,90.94,96.96,2022
"922","Mercer","Southern",15,17,64.8,64.3,70.8,0.44,-5.26,-1.04,-3.79,89.28,95.92,2022
"923","Milwaukee","Horizon",16,16,66.2,62.7,67.1,3.5,-5.85,-4.29,-0.59,90.17,96.87,2022
"924","Arkansas-Pine Bluff","SWAC",17,16,73,67.8,73.6,5.21,-6.12,2.78,-7.71,88.55,95.79,2022
"925","New Mexico State","CUSA",13,18,60.5,61.5,68.7,-1.03,-2.72,-6.95,1.99,84.77,91.61,2022
"926","UC Riverside","Big West",18,14,58.4,58.3,68.3,0.09,-3.29,-8.22,3.19,82.55,90,2022
"927","Utah Tech","WAC",18,14,73.2,68.3,68,4.88,-5.88,1.45,-6.53,92.75,100.1,2022
"928","Texas State","Sun Belt",14,18,64.9,63.5,67.5,1.41,-3.96,-5.25,0.13,87.8,95.02,2022
"929","Idaho State","Big Sky",11,19,59.5,61.7,67.6,-2.2,-1.81,-6.78,1.34,84.1,92.02,2022
"930","East Tennessee State","Southern",18,12,59.4,55.6,70.6,3.8,-7.86,-8.98,3.51,86.11,93.34,2022
"931","Colgate","Patriot",20,14,61.8,55.7,67.1,6.12,-9.57,-6.69,1.15,88.07,96.02,2022
"932","Niagara","MAAC",21,14,70.8,70.1,81.3,0.69,-6.24,4.12,-9.68,84.09,92.54,2022
"933","UC Santa Barbara","Big West",16,15,64.9,62.7,66.7,2.23,-4.76,-3.41,-2.24,89.34,97.85,2022
"934","Siena","MAAC",18,12,68.4,63.9,71.8,4.5,-10.17,0.53,-6.2,87.96,96.54,2022
"935","Lipscomb","A-Sun",17,13,67.9,66.1,65.1,1.8,-4.99,-1.3,-4.44,87.85,95.53,2022
"936","Campbell","CAA",17,14,60.8,55.1,63.6,5.71,-7.09,-9.57,3.69,86.01,94.34,2022
"937","UTEP","CUSA",12,19,67,71.5,69.6,-4.48,-0.27,1.7,-7.62,92.72,100.91,2022
"938","UNC Greensboro","Southern",21,12,63.4,56.2,65.6,7.27,-7.99,-6.56,0.37,87.95,96.13,2022
"939","Coastal Carolina","Sun Belt",12,21,66.6,71.4,71.9,-4.79,-0.58,-0.3,-5.96,87.37,96.24,2022
"940","Georgia Southern","Sun Belt",15,18,72.3,70.4,76.7,1.88,-5,1.34,-7.64,84.07,93.73,2022
"941","UC San Diego","Big West",12,19,58.4,58.1,69,0.35,-3.07,-9.9,3.41,81.1,90.96,2022
"942","Tennessee Tech","OVC",16,15,69.9,66.9,64.9,3.03,-7.02,-0.38,-6.44,89.62,99.49,2022
"943","Tennessee-Martin","OVC",16,17,63.2,63.2,64.8,0.03,-6.04,-6.21,-0.67,89.11,98.82,2022
"944","Northern Kentucky","Horizon",11,20,68.3,73.4,68.7,-5.1,-1.87,1.29,-8.56,91.59,101.93,2022
"945","Southern","SWAC",15,15,60.6,62.5,69,-1.83,-3.45,-7.03,-0.25,82.22,92.27,2022
"946","Sacred Heart","NEC",24,10,65.9,56.4,70.3,9.53,-15.71,-4.54,-3.01,86.11,97.49,2022
"947","Incarnate Word","Southland",19,11,62.5,57.4,62.4,5.07,-8.84,-8.48,0.83,86.29,95.72,2022
"948","Howard","MEAC",15,16,58.9,57.7,73.4,1.26,-8.95,-8.32,0.63,79.3,90.02,2022
"949","Youngstown State","Horizon",14,18,60.6,62.7,65.5,-2.09,-4.29,-7.89,-0.05,83.52,94.43,2022
"950","Little Rock","OVC",12,18,55.6,60.7,66.3,-5.03,-2.95,-12.03,4.05,80.35,91.97,2022
"951","St. Thomas","Summit",15,16,67.8,71.2,67.2,-3.32,-2.2,-1.74,-6.49,87.92,99.15,2022
"952","Dayton","A-10",12,19,63.5,68.9,69.9,-5.42,0.5,-3.01,-5.25,87.52,98.89,2022
"953","Grambling","SWAC",23,10,71.9,64.1,71.6,7.82,-8.52,-1.75,-6.63,83.2,93.34,2022
"954","Binghamton","AEC",14,17,61.9,60.3,66.6,1.65,-9.4,-5.67,-2.91,87.98,100.66,2022
"955","Western Michigan","MAC",12,18,62.2,65.7,69.5,-3.5,-4.54,-5.09,-3.52,87.21,99.39,2022
"956","Yale","Ivy",8,19,60.7,68.4,69.8,-7.7,-0.95,-4.03,-4.63,87.01,100.14,2022
"957","Maryland-Eastern Shore","MEAC",15,15,62.2,59.3,68.8,2.9,-9.1,-7.11,-1.82,83.13,96.13,2022
"958","Boston University","Patriot",20,12,62.6,61.6,68.6,1.03,-8.98,-5.39,-3.59,86.21,99.34,2022
"959","Lehigh","Patriot",17,13,68.8,65.4,71.6,3.4,-11.44,0.03,-9.2,87.55,101.86,2022
"960","Detroit Mercy","Horizon",17,16,60.2,63.5,72.9,-3.21,-5.98,-8.88,-0.31,81.01,93.53,2022
"961","Western Illinois","OVC",18,12,74.3,66.5,72.8,7.83,-10.99,-0.41,-8.93,86.05,98.88,2022
"962","Cal State Fullerton","Big West",10,21,59,65.4,69.7,-6.42,-2.93,-5.94,-3.41,85.02,98.68,2022
"963","Indiana State","MVC",11,21,64.2,71.7,69,-7.53,-1.7,-4.41,-5,85.48,97.89,2022
"964","Akron","MAC",11,18,62.3,66.1,70.6,-3.79,-5.63,-5.91,-3.51,84.81,98.46,2022
"965","Morehead State","OVC",15,15,66.3,65.6,67.9,0.7,-6.11,-4.41,-5.03,83.44,96.91,2022
"966","Stetson","A-Sun",17,15,57.8,58.8,69,-1.03,-6.43,-11.76,2.27,78.67,92.04,2022
"967","Jacksonville State","CUSA",12,17,59,63.1,68.4,-4.1,-2.65,-8.88,-0.62,79.2,92.87,2022
"968","Oakland","Horizon",12,17,71.4,72.9,69.7,-1.52,-2.62,1.34,-10.89,87.88,101.28,2022
"969","Northern Illinois","MAC",15,16,64.4,65.6,71.6,-1.19,-6.34,-5.05,-4.72,83.1,96.64,2022
"970","Denver","Summit",8,22,64.4,69.7,68,-5.3,-3.58,-4.36,-5.46,88.66,102.76,2022
"971","Jacksonville","A-Sun",11,20,65.3,70.6,65.7,-5.29,-3.08,-3.25,-6.73,84.83,97.68,2022
"972","Eastern Illinois","OVC",15,18,65.7,67.8,69.2,-2.12,-8.2,-4.17,-6.15,84.02,98.38,2022
"973","Bethune-Cookman","SWAC",15,16,66.4,60.8,73.6,5.55,-10.07,-6.52,-4.08,79.8,94.05,2022
"974","Samford","Southern",14,16,58.1,60.8,68.9,-2.73,-4.79,-11.11,0.43,79.55,95.2,2022
"975","Manhattan","MAAC",18,12,57.2,56.7,73.2,0.5,-11.33,-11.34,0.51,81.67,97.12,2022
"976","Kennesaw State","A-Sun",11,19,58.9,64.2,69.1,-5.33,-2.5,-7.76,-3.09,81.48,96.69,2022
"977","Coppin State","MEAC",12,18,55.3,59.8,75,-4.53,-6.54,-11.66,0.59,78.92,95.2,2022
"978","Kansas City","Summit",12,20,64.5,66,68,-1.47,-5.19,-8.62,-2.6,80.03,95.51,2022
"979","Cornell","Ivy",7,19,56,67.4,67.2,-11.42,0.03,-7.88,-3.52,79.95,96.54,2022
"980","San Jose State","MWC",7,24,60.3,66.2,71.9,-5.87,-2.26,-7.11,-4.35,84.12,100.8,2022
"981","Ohio","MAC",11,19,63.8,71.5,74.7,-7.67,-3.89,-3.58,-7.98,80.94,96.5,2022
"982","Loyola (MD)","Patriot",16,15,59,61.3,64.5,-2.26,-9.39,-9.02,-2.62,84.95,102.43,2022
"983","Canisius","MAAC",17,14,60.6,61.8,69.8,-1.13,-10.37,-7.91,-3.89,84.18,100.99,2022
"984","UMass","A-10",5,27,58,71.2,70.5,-13.13,0.99,-5.35,-6.79,83.19,100.34,2022
"985","Weber State","Big Sky",8,25,57,66.6,72.2,-9.61,-1.8,-8.2,-3.94,82.22,100.02,2022
"986","Bucknell","Patriot",13,18,55.9,61.2,68.1,-5.29,-6.89,-11.32,-0.87,79.96,98.12,2022
"987","High Point","Big South",20,12,62.7,63.9,69.2,-1.22,-8.81,-5.75,-6.46,83.25,100.04,2022
"988","Alabama A&M","SWAC",15,16,61.7,61.9,70.7,-0.13,-11.1,-9.47,-2.77,80.34,97.1,2022
"989","Nicholls State","Southland",14,18,62.9,63.2,69.7,-0.25,-8.85,-7.69,-4.57,81.74,98.5,2022
"990","Furman","Southern",15,16,66.2,64.1,67.7,2.1,-8.65,-5.84,-6.45,83.26,100.24,2022
"991","Southern Utah","WAC",8,22,65.7,73.6,69.7,-7.87,-3.85,-3.54,-8.94,88.34,105.46,2022
"992","Sacramento State","Big Sky",6,25,56.7,66.9,65.1,-10.16,-2.34,-9.07,-3.43,81.36,99.83,2022
"993","North Alabama","A-Sun",12,18,68,72.5,67.6,-4.5,-4.91,-0.7,-11.81,85.33,102.2,2022
"994","Tarleton State","WAC",11,20,61.4,65.4,64.7,-4.06,-6.2,-9.86,-2.8,81.22,98.25,2022
"995","La Salle","A-10",8,22,57.6,70.8,70.8,-13.17,0.38,-6.15,-6.64,81.13,99.7,2022
"996","Northwestern State","Southland",11,19,58.4,61.6,65.5,-3.2,-5.59,-12.42,-0.46,77.4,94.77,2022
"997","New Orleans","Southland",11,19,62.2,68.3,68.1,-6.17,-6.9,-5.1,-7.98,78.03,95.26,2022
"998","IU Indianapolis","Horizon",7,23,64.5,75.1,68.5,-10.63,-2.45,-2.05,-11.04,83.03,100.33,2022
"999","Bryant","AEC",15,15,60.6,61,68.7,-0.43,-9.07,-8.64,-4.57,80.83,100.02,2022
"1000","St. Bonaventure","A-10",4,26,54.7,66.5,67.3,-11.83,-1.53,-9.93,-3.44,79.7,98.86,2022
"1001","Utah Valley","WAC",10,19,59.8,65.5,64.7,-5.66,-6.31,-10.41,-2.97,76.64,95.14,2022
"1002","Omaha","Summit",8,23,72.3,81.2,67.8,-8.84,-2.17,3.23,-16.64,90.41,108.04,2022
"1003","Sam Houston","CUSA",7,22,66.2,72.3,72.6,-6.1,-2.56,-2.41,-11.01,81.21,98.9,2022
"1004","Miami (OH)","MAC",9,20,53.9,63.8,76.6,-9.83,-3.76,-13.65,0.06,76.22,95.97,2022
"1005","Xavier","Big East",1,27,50.7,72.6,73.5,-21.93,8.34,-9.15,-4.45,79.76,100.32,2022
"1006","Quinnipiac","MAAC",13,18,59.3,64.6,71.8,-5.29,-8.47,-8.13,-5.63,82.08,101.88,2022
"1007","Elon","CAA",11,21,53.1,61.3,69.4,-8.28,-4.76,-13.77,-0.05,74.15,94.32,2022
"1008","North Florida","A-Sun",9,21,63.5,68.2,68.9,-4.63,-4.05,-6.56,-7.38,82.63,102.01,2022
"1009","Southeast Missouri State","OVC",9,20,62.1,66.7,71,-4.62,-6.87,-9.38,-4.68,78.25,97.8,2022
"1010","North Dakota","Summit",9,21,66.9,76.6,70.4,-9.7,-1.26,-1.79,-12.28,83.81,102.2,2022
"1011","Cal State Bakersfield","Big West",8,21,58.7,67,66.4,-8.28,-5.25,-7.38,-6.72,83.31,103.56,2022
"1012","Valparaiso","MVC",5,25,61.8,72.8,67.7,-11,-3.11,-6.89,-7.22,83.03,101.86,2022
"1013","Mount St. Mary's","MAAC",14,17,54.5,58.5,68.5,-4,-10.26,-13.97,-0.3,75.27,95.79,2022
"1014","American","Patriot",10,20,60.8,66,67.7,-5.23,-9.09,-7.14,-7.18,79.79,100.63,2022
"1015","Hofstra","CAA",11,21,56.6,58.9,66.9,-2.31,-9.22,-13.15,-1.33,76.16,97.29,2022
"1016","New Hampshire","AEC",9,20,54.1,58.8,65.5,-4.66,-8.63,-13.23,-1.44,76.07,97.69,2022
"1017","Texas-Rio Grande Valley","WAC",6,23,59.6,71,71.1,-11.41,-3.4,-9.04,-5.78,79.47,99.94,2022
"1018","Seattle","WAC",6,23,63.6,75.2,69.6,-11.59,-3.39,-3.8,-11.17,84.04,104.48,2022
"1019","South Alabama","Sun Belt",9,23,60.7,71.5,70.7,-10.81,-1.92,-7.97,-7.11,79.43,100.34,2022
"1020","Northeastern","CAA",10,17,57.5,64.6,70.2,-7.11,-7.98,-10.19,-4.91,81.98,104.48,2022
"1021","Tennessee State","OVC",11,19,62.1,68.1,73.8,-6.07,-8.26,-7.88,-7.34,77.23,98.29,2022
"1022","Maryland-Baltimore County","AEC",10,19,58.4,63,65.9,-4.59,-8.71,-10.03,-5.24,77.91,100.04,2022
"1023","Army","Patriot",12,17,59.2,62.3,69.7,-3.07,-9.81,-9.71,-5.62,80.32,102.46,2022
"1024","Navy","Patriot",14,17,61.8,63.7,68.3,-1.9,-9.98,-8.24,-7.08,77.76,99.17,2022
"1025","NJIT","AEC",12,18,57.4,62.5,67.8,-5.03,-10.52,-9.46,-6.1,76.77,99.21,2022
"1026","Presbyterian","Big South",21,15,57.6,58.9,68.6,-1.36,-11.13,-14.2,-1.41,77.84,99.16,2022
"1027","Bellarmine","A-Sun",10,19,67.2,75,71.6,-7.83,-4.47,-2.76,-12.93,83.73,103.95,2022
"1028","Portland State","Big Sky",8,23,56.3,67.6,68.5,-11.29,-3.1,-10.24,-5.65,82.26,106.48,2022
"1029","Radford","Big South",15,18,57.5,61.4,69.7,-3.94,-11.29,-12.97,-3.13,76.07,98.14,2022
"1030","Alcorn State","SWAC",12,20,54.1,63,70,-8.88,-5.89,-15.16,-0.95,75.84,97.09,2022
"1031","Eastern Michigan","MAC",7,22,57.3,67.5,73.3,-10.24,-4.72,-11.49,-4.73,75.9,99,2022
"1032","Pepperdine","WCC",5,25,54.2,70.1,69,-15.9,2.4,-12.22,-4.02,76.08,100.06,2022
"1033","Iona","MAAC",11,19,57.6,63.2,68.4,-5.6,-10.85,-10.73,-5.72,81.12,104.81,2022
"1034","Central Michigan","MAC",6,22,61.5,71.7,71.5,-10.18,-5.18,-7.08,-9.51,77.84,99.98,2022
"1035","Florida A&M","SWAC",9,21,59.8,70,70.9,-10.2,-6.45,-8.1,-8.56,79.17,101.85,2022
"1036","Dartmouth","Ivy",7,19,48.5,58.4,67.8,-9.92,-3.29,-18.97,2.18,71.51,97.8,2022
"1037","Lafayette","Patriot",10,20,55.9,63.6,66.2,-7.77,-9.47,-12.32,-4.91,78.89,104.88,2022
"1038","Bradley","MVC",6,26,60.2,75.3,66.7,-15.09,-1.5,-8.43,-8.85,81.66,105.94,2022
"1039","South Carolina Upstate","Big South",16,16,58.8,61.4,65.4,-2.56,-13.81,-12.09,-5.27,75.89,99.12,2022
"1040","Charleston Southern","Big South",11,19,61,66.6,71.3,-5.57,-11.28,-8.88,-8.61,77,100.55,2022
"1041","FDU","NEC",14,17,58.4,61,67.2,-2.58,-13.52,-12.67,-5.12,78.87,104.96,2022
"1042","Robert Morris","Horizon",6,24,55.3,66.4,66.7,-11.03,-3.88,-13.66,-4.22,74.55,100.33,2022
"1043","SIU Edwardsville","OVC",5,26,68.1,77,79.1,-8.97,-6.47,-1.64,-16.37,84.83,109.17,2022
"1044","Massachusetts-Lowell","AEC",4,25,51.9,63.6,68.5,-11.69,-6.55,-13.58,-4.66,73.12,99.99,2022
"1045","Cal State Northridge","Big West",3,27,55.2,69.6,64.4,-14.47,-3.52,-10.17,-8.18,73.16,98.71,2022
"1046","Marist","MAAC",6,25,55.5,63.9,69.4,-8.39,-9.96,-12.52,-5.82,72.3,98.85,2022
"1047","Morgan State","MEAC",8,22,53.6,62.7,69.5,-9.13,-7.02,-13.83,-4.58,72.3,98.2,2022
"1048","North Carolina Central","MEAC",16,15,65.7,65.9,77.7,-0.13,-10.94,-6.29,-12.32,72.58,97.38,2022
"1049","Prairie View","SWAC",11,18,60.9,65.6,72.5,-4.62,-6.44,-9.35,-9.33,77.45,102.63,2022
"1050","Merrimack","NEC",12,19,59.3,62.5,72.1,-3.29,-15.44,-11.27,-7.46,74.63,101.98,2022
"1051","Rider","MAAC",10,21,54.9,64.6,69.4,-9.71,-9.59,-13.58,-5.72,76.11,104.39,2022
"1052","Winthrop","Big South",14,16,56.8,60.2,68.6,-3.47,-12.78,-15.9,-3.44,72.35,99.44,2022
"1053","Hampton","CAA",3,26,54.5,68.2,71.5,-13.72,-6.1,-11.5,-8.32,72.45,99.74,2022
"1054","Evansville","MVC",4,28,62.8,81.1,74.2,-18.25,-1.64,-5.92,-13.97,77.05,102.8,2022
"1055","UNC Asheville","Big South",11,20,59.5,60.5,69.4,-1,-15.72,-13.73,-6.27,74.18,101.95,2022
"1056","Utah State","MWC",5,25,56.2,74,75.2,-17.77,-1.2,-8.29,-12.31,78.93,107.97,2022
"1057","Central Connecticut State","NEC",9,21,57.9,66.1,70.7,-8.27,-13.27,-11.71,-9.82,75.31,106.04,2022
"1058","Texas Southern","SWAC",7,22,56.5,69.9,81.4,-13.38,-5.91,-12.02,-9.81,73.19,101.79,2022
"1059","Longwood","Big South",9,21,61,68.7,76.2,-7.67,-10.92,-11.19,-10.8,73.61,103.37,2022
"1060","Houston Christian","Southland",6,23,53.7,65,63.1,-11.38,-4.34,-17.01,-5.25,70.64,102.11,2022
"1061","Saint Peter's","MAAC",7,23,50.6,62.4,72.6,-11.87,-10.86,-18.83,-3.89,67.41,100.26,2022
"1062","Western Carolina","Southern",6,24,56.8,66.4,62.6,-9.57,-7.38,-12.74,-10.16,75.74,108.41,2022
"1063","Gardner-Webb","Big South",6,24,62.3,76.7,76.4,-14.43,-9.64,-5.87,-18.2,79.51,111.52,2022
"1064","Mississippi Valley State","SWAC",4,27,55.5,77.1,80.3,-21.65,-2.59,-11.27,-12.96,71.99,102.84,2022
"1065","Delaware State","MEAC",8,20,57.5,70.8,69.7,-13.25,-6.71,-12.6,-12.49,74.85,110.09,2022
"1066","UNC Wilmington","CAA",5,25,54.5,72.8,65.7,-18.27,-5.45,-12.64,-12.94,71.14,106.2,2022
"1067","Long Island University","NEC",8,22,58.2,67.8,69.6,-9.6,-17.18,-13.56,-13.22,72.06,110.32,2022
"1068","McNeese State","Southland",6,25,65.2,78.4,76,-13.23,-5.36,-6.28,-20.94,78.38,113.12,2022
"1069","Alabama State","SWAC",3,26,49.3,73.4,75,-24.03,-3.64,-17.84,-9.83,68.49,104.9,2022
"1070","Wagner","NEC",7,21,55.3,67,70.3,-11.75,-16.39,-17.24,-12.55,65.69,108.25,2022
"1071","South Carolina State","MEAC",2,28,48.3,69.1,76.2,-20.77,-9.1,-19.8,-10.07,66.65,109.91,2022
"1072","Chicago State","Ind",1,26,59,83,72.6,-24.04,-4.05,-9.56,-22.07,71.14,111.7,2022
"1073","Saint Francis (PA)","NEC",5,25,51.5,69.9,65.5,-18.4,-13.92,-18.9,-13.42,68.26,114.94,2022
